StudentID,Name,Gender,AttendanceRate,PreviousGrade,ExtracurricularActivities,ParentalSupport,FinalGrade,StudyHours(Daily),OnlineClassesTaken
1,John,Male,85,78,1,High,80.0,4.8,No
2,Sarah,Female,90,85,2,Medium,87.0,2.2,Yes
3,Alex,Male,78,65,0,Low,68.0,4.6,No
4,Michael,Male,92,90,3,High,92.0,2.9,No
5,Emma,Female,85,82,2,Medium,85.0,4.1,Yes
6,Olivia,Female,95,88,1,High,,2.8,No
7,Daniel,Male,70,60,0,Low,62.0,4.5,No
8,Sophia,Female,85,77,1,Medium,78.0,1.0,Yes
9,James,Male,82,70,2,Low,72.0,3.6,No
10,Isabella,Female,91,86,3,High,88.0,2.9,Yes
11,Anthony Smith,Male,85,60,0,High,90.0,3.3,No
12,Timothy Clements,Male,70,60,0,Medium,,4.4,No
13,Blake Martinez,Female,91,88,2,Low,72.0,1.3,No
14,Ian Mcdonald,Male,78,65,0,Medium,78.0,4.1,No
15,Maria Edwards,Male,85,70,1,High,87.0,0.3,No
16,Angela Dunn,Female,78,65,1,Low,62.0,2.8,Yes
17,Makayla Rhodes,Male,70,90,1,Low,87.0,4.4,No
18,Daniel Herrera,Male,82,88,1,Medium,72.0,1.0,Yes
19,Eric Wilson,Female,92,90,2,High,68.0,2.0,No
22,Jonathan Daniel,Female,85,90,2,Low,88.0,0.2,Yes
24,Holly Spencer,Female,88,70,3,Medium,62.0,3.6,Yes
25,,Male,85,60,0,Medium,87.0,1.1,Yes
26,Jerry Browning,Female,91,85,2,Low,92.0,2.5,No
27,Tonya Gonzalez,Male,90,60,1,Low,92.0,3.5,No
29,Denise Coleman,Male,70,78,2,High,80.0,0.7,Yes
30,Kimberly Petty,Male,92,77,3,Low,80.0,1.0,Yes
31,Stephanie Reid,Male,85,77,1,Medium,72.0,3.7,No
32,Michelle Graham,Female,85,85,3,Low,92.0,1.0,No
34,Terry Rodriguez,Female,95,60,3,Medium,92.0,0.3,No
35,Courtney Haas,Male,88,65,0,Low,87.0,3.7,No
36,Tina Knight,Male,95,88,1,Medium,87.0,1.1,No
37,Kimberly Randolph,Male,85,90,1,High,62.0,2.5,No
38,Kelly Bell,Female,78,85,2,High,92.0,1.0,No
39,Elizabeth Nichols,Female,92,86,1,High,,3.0,Yes
40,Teresa Rodriguez,Female,70,82,3,Low,68.0,2.8,No
41,Anne Martin,Female,90,86,2,Low,88.0,3.2,Yes
42,Andrea Fuller,Male,90,78,0,Low,85.0,3.9,Yes
43,,Male,85,86,3,High,68.0,3.1,Yes
44,Thomas Lee,Female,90,90,2,High,72.0,0.8,No
45,Gina Palmer,Female,85,60,2,Medium,92.0,1.2,Yes
47,Nicole Frederick,Male,82,82,3,Medium,62.0,4.9,Yes
48,Mark Hartman,Male,70,82,2,Medium,90.0,3.2,No
49,Tyler Mccormick,Male,95,90,3,Low,80.0,4.5,Yes
50,Elizabeth Andersen,Female,88,86,3,Low,80.0,2.9,No
51,Cassandra Snyder,Female,92,82,2,Medium,,0.7,Yes
52,Antonio Hansen,Male,88,86,2,High,87.0,3.0,No
53,Andrea Phillips,Female,70,86,1,Medium,92.0,0.5,No
54,Derek Choi,Female,91,65,3,High,78.0,2.7,No
56,Alison Lang,Male,95,82,1,Medium,62.0,0.7,No
57,Megan Diaz,Male,92,86,0,High,68.0,2.4,Yes
58,Linda Armstrong,Male,92,82,2,Medium,78.0,2.8,Yes
59,Andrew Dudley,Female,90,77,1,Medium,78.0,2.3,Yes
60,Penny Miller,Male,82,85,3,Medium,87.0,0.6,No
61,Susan Roberson,Female,90,77,0,Medium,62.0,4.4,Yes
62,Mary Benson,Female,70,70,3,Low,,4.7,Yes
63,Belinda Kim,Female,70,70,0,Medium,80.0,3.5,Yes
64,Jamie Allen,Male,88,65,3,Low,62.0,0.2,Yes
65,Paul Reese,Male,85,86,3,High,72.0,2.4,Yes
66,Michelle Gonzalez,Female,70,60,2,Low,85.0,0.1,No
67,Paula Stewart,Male,90,82,1,Medium,85.0,2.4,Yes
68,Ronald Schmidt,Male,90,86,2,Low,92.0,3.8,Yes
69,Melissa Brown,Male,92,78,0,Low,72.0,4.9,No
70,Ricky Jenkins,Female,85,85,1,Low,85.0,4.3,No
71,Cody Donovan,Female,85,86,0,Low,62.0,2.5,No
72,William Banks,Female,95,77,3,Medium,78.0,1.2,No
73,Chad Mason,Male,92,82,3,Medium,87.0,3.6,Yes
74,James Simmons,Male,85,78,0,Low,62.0,2.4,Yes
75,Michael Anderson,Female,95,85,1,High,85.0,1.1,Yes
77,Justin Sharp,Male,88,86,0,Medium,62.0,3.4,Yes
78,Jacob Yoder,Male,82,85,2,High,62.0,3.5,No
79,Ian Glass,Female,88,70,3,Low,,2.2,Yes
80,William Weber,Male,78,65,1,Medium,87.0,2.3,Yes
81,Cathy Pratt,Female,85,88,0,Medium,68.0,1.5,No
82,Cameron Austin,Female,85,77,1,High,62.0,1.0,Yes
83,Christopher Poole,Female,70,88,2,High,80.0,3.7,No
84,David Dunlap,Male,85,85,0,Medium,62.0,0.6,No
85,Karen Cruz,Female,88,85,2,High,68.0,3.8,Yes
86,Taylor Smith,Female,88,78,1,Medium,,1.4,Yes
87,Alexandra Harrington,Female,82,65,1,Low,87.0,4.3,Yes
88,Lisa Benjamin,Female,70,90,1,Medium,90.0,3.8,No
89,,Male,85,78,2,Medium,80.0,0.4,Yes
90,Ronnie Taylor,Female,70,86,1,High,92.0,4.0,Yes
91,James Stewart,Male,78,78,2,Medium,78.0,3.3,No
92,Deborah Reyes,Male,78,90,0,High,78.0,1.3,No
93,Richard Gonzalez,Male,85,70,2,Low,62.0,2.6,Yes
94,,Male,85,82,2,Low,68.0,0.4,No
95,Zachary Daniel,Female,85,78,2,Medium,62.0,4.3,Yes
96,Robert Bishop,Female,85,85,3,Low,78.0,3.8,No
97,Kurt Boyd,Female,85,85,2,Low,88.0,2.4,Yes
98,Lori Carrillo,Male,85,85,2,High,68.0,3.9,Yes
99,Daniel Mathis,Male,85,85,3,Medium,88.0,0.4,No
100,Joseph Ellis,Female,91,85,2,Low,80.0,2.8,No
101,Daniel Scott,Male,88,70,0,Low,88.0,3.2,No
102,Christian Barr,Male,82,78,0,Medium,92.0,4.9,Yes
105,Reginald Hoover,Female,82,85,1,High,92.0,4.8,Yes
107,Brian Avery,Female,85,86,3,High,87.0,1.2,No
109,Michael Gomez,Female,78,90,0,Low,90.0,4.1,No
112,Yvonne Krueger,Male,70,88,2,High,85.0,4.5,No
113,Manuel Baker,Female,70,85,1,Low,,0.4,No
114,Shane Sanders,Female,85,85,2,Medium,85.0,4.7,No
115,Elijah Wagner,Female,82,78,2,Medium,87.0,4.3,Yes
116,George Cannon,Male,85,70,1,Low,72.0,2.9,Yes
117,Robert Lowery,Female,88,85,0,High,80.0,1.5,Yes
118,James Duncan,Female,70,77,2,Medium,72.0,4.3,Yes
119,Michelle Kelly,Female,70,86,3,High,72.0,1.1,No
120,David Malone,Female,85,90,1,Medium,87.0,0.0,Yes
121,Megan Bernard,Male,82,70,1,Medium,72.0,2.3,No
123,Jeffrey Torres,Male,90,82,3,High,72.0,3.6,Yes
124,Christina Thompson,Male,90,60,2,Low,90.0,4.1,Yes
125,Laura Ross,Male,70,86,2,Low,78.0,4.5,No
126,Nancy Munoz,Male,91,70,2,Medium,62.0,2.4,No
127,Martin Walker,Male,85,70,1,Medium,80.0,3.1,No
128,Kimberly Pena,Female,91,88,2,High,68.0,3.6,No
129,Isaiah Arnold,Female,85,60,3,Low,90.0,0.8,Yes
131,Deborah Barajas,Female,85,90,2,Medium,78.0,0.8,No
132,Carrie Page,Male,95,65,1,Low,85.0,3.1,Yes
133,Steven Myers,Male,85,82,2,Medium,78.0,0.0,No
134,Frank Brown DDS,Female,88,90,2,Low,72.0,0.3,No
135,Derrick Alexander,Male,85,85,3,High,62.0,1.4,No
136,Brianna Mills,Male,88,60,1,Low,62.0,2.2,No
137,Daniel Hood,Male,78,86,3,Medium,78.0,0.6,No
138,Sean Walker,Male,85,88,1,High,87.0,0.3,No
139,Melanie Wilson,Female,95,70,2,Low,88.0,1.3,No
141,Nathaniel Kemp,Female,85,65,1,High,88.0,3.4,Yes
142,Bradley Martinez,Male,88,78,2,Low,62.0,4.0,Yes
143,Andrea Frey,Female,85,82,1,Medium,72.0,1.3,Yes
144,Jessica Howard,Male,90,86,1,High,85.0,2.8,Yes
145,Thomas Barnes,Female,85,88,1,Medium,88.0,0.8,No
146,Shelly Stuart,Male,85,88,0,Low,90.0,1.9,Yes
148,Alexis Horn,Male,85,70,3,Low,72.0,0.7,No
149,Jason Hood,Male,78,77,2,High,68.0,1.9,Yes
150,Cynthia Mcdonald,Male,85,60,2,Low,78.0,0.9,No
151,Michael Gonzales,Female,95,88,1,High,78.0,1.4,Yes
152,,Female,85,88,1,High,62.0,1.8,Yes
153,Maria Gray,Male,85,90,1,Low,88.0,4.9,No
154,Randy Anderson,Male,91,65,0,High,68.0,1.3,No
155,Sarah Welch,Male,95,90,2,High,68.0,1.9,No
157,Virginia Medina,Female,85,65,0,High,,3.8,Yes
158,Bobby Wilkinson,Female,95,88,3,High,72.0,2.1,Yes
159,,Male,85,77,1,High,92.0,4.2,Yes
160,William Christian,Female,82,90,3,Medium,,1.4,No
161,Christopher Taylor,Male,70,60,0,Low,78.0,3.6,Yes
162,Carl Coleman,Male,85,82,2,Low,87.0,3.2,Yes
163,Colleen Porter,Female,91,85,3,Medium,68.0,4.3,Yes
164,Brittany Briggs,Female,70,60,1,Low,80.0,4.8,No
165,Dr. James Henry DDS,Male,70,65,1,Medium,85.0,1.1,No
166,Douglas Ingram,Female,82,86,3,Medium,62.0,0.1,No
167,Jennifer Baker,Female,95,65,3,High,72.0,4.4,No
168,Audrey Robinson,Female,95,85,2,High,78.0,3.2,No
169,Kelly Allen MD,Female,78,85,3,Low,72.0,4.7,No
170,Whitney Jefferson,Male,70,70,2,Low,92.0,1.1,No
171,Cole Gomez,Male,85,60,2,High,85.0,1.1,Yes
172,Mrs. Heather Roy,Female,78,60,1,High,78.0,0.2,No
173,Melissa Barber,Male,91,78,1,High,68.0,3.9,Yes
174,Theresa Rodriguez,Male,88,90,0,High,80.0,1.2,Yes
175,Mary Bennett,Male,70,60,2,Low,68.0,0.5,Yes
176,Alison Williams,Female,88,86,2,Medium,62.0,1.0,Yes
177,Tyrone Phillips,Male,70,86,3,High,62.0,3.3,Yes
178,,Female,95,88,1,Low,72.0,4.7,No
179,,Male,82,60,1,Medium,72.0,2.1,Yes
180,Charles Murphy,Female,88,77,3,High,68.0,4.3,No
181,Gerald Reilly,Female,78,77,3,High,85.0,3.0,No
182,Yolanda Chen,Male,82,85,3,High,,2.4,No
183,Patrick Gonzalez MD,Male,82,88,2,Low,80.0,0.8,Yes
184,Gerald Weber,Male,88,88,1,Medium,80.0,3.5,No
186,Andrea Bradley,Female,92,82,2,Medium,80.0,0.5,Yes
187,Alexander Gordon DDS,Female,91,65,1,High,80.0,1.5,No
188,Tiffany Smith,Female,91,86,1,Medium,72.0,2.1,Yes
189,Bernard Whitaker,Male,70,65,1,High,90.0,4.9,Yes
190,Loretta Gonzalez,Male,90,60,1,Low,72.0,2.6,Yes
192,,Female,95,65,0,High,68.0,0.3,Yes
193,Eric Scott,Female,91,86,1,High,88.0,1.9,Yes
194,James Martinez,Male,95,60,0,Low,87.0,2.7,No
195,Audrey Woods,Female,85,85,2,High,62.0,2.0,Yes
196,Raymond Howell,Female,85,85,0,High,72.0,2.0,Yes
197,Brandon Dickerson,Male,88,88,0,Medium,62.0,3.3,No
198,Kendra Ramirez,Male,78,65,0,High,85.0,3.1,Yes
199,Jeffrey Sullivan,Female,82,78,0,High,80.0,0.9,No
200,Angela Ortiz,Male,85,86,3,High,92.0,2.1,No
201,Patricia Cox,Female,92,70,1,High,72.0,1.2,No
202,Rebecca Brown,Male,70,88,3,Medium,85.0,0.1,No
203,Rebecca Jones,Male,88,77,3,Low,68.0,0.1,Yes
204,Sharon Watson,Male,88,60,0,Low,92.0,0.4,Yes
205,Raven Taylor,Male,90,86,1,High,92.0,1.4,Yes
206,Bethany Andersen,Male,92,70,0,High,88.0,0.5,Yes
207,Shannon Porter,Male,78,60,0,High,62.0,1.6,No
208,Aaron Duarte,Male,91,85,2,High,72.0,0.5,Yes
209,Leslie King,Female,92,85,1,High,,3.2,No
211,Derrick Love,Male,85,65,2,High,90.0,3.5,No
212,Deborah Hernandez,Female,78,90,2,Medium,90.0,0.4,Yes
214,John Weber,Female,78,60,1,High,62.0,4.4,No
216,Julie Jackson,Male,82,82,0,High,85.0,3.8,No
217,Shannon Harris DDS,Male,91,85,2,Medium,80.0,2.3,No
218,Keith Bailey,Female,91,77,0,High,68.0,1.4,No
220,Melinda Miller,Female,91,65,0,High,80.0,0.6,No
222,Michael Case,Male,91,86,1,Low,87.0,1.8,Yes
225,Kylie Hancock,Female,78,90,3,High,80.0,2.1,No
226,Sandra Hart,Female,85,82,3,High,90.0,3.3,Yes
228,Barbara White,Male,85,65,3,Medium,90.0,3.4,Yes
229,Brian Hayes,Male,90,65,0,Low,88.0,4.0,Yes
230,Clayton Jones,Female,95,85,1,High,80.0,0.4,No
231,James Stevens,Male,82,85,1,High,88.0,3.8,Yes
232,Eduardo Miller,Female,90,65,1,Medium,85.0,2.8,Yes
233,Rebecca Kim,Male,85,78,0,High,68.0,4.4,Yes
234,Julie Williams,Female,95,77,1,High,80.0,3.8,No
235,Melanie Mckinney,Male,85,60,1,Low,87.0,3.9,No
236,Jacob Murray,Male,92,88,0,Low,80.0,3.0,No
238,Karen Wolf,Male,92,65,3,High,87.0,2.1,Yes
239,Patricia Hunt,Male,78,70,2,High,87.0,4.9,No
240,Jill Smith,Male,88,60,1,High,72.0,0.5,No
241,Keith Wu,Female,82,85,2,High,85.0,0.8,Yes
242,Miss Carla Coleman MD,Female,95,86,2,Low,90.0,1.2,Yes
243,Francisco Chang,Female,78,78,1,High,88.0,3.5,Yes
244,Jamie Torres,Female,70,88,1,High,88.0,1.0,Yes
246,Kimberly Blair,Female,82,86,1,Medium,88.0,4.1,No
247,Travis Harrell,Male,91,65,1,Medium,87.0,0.0,Yes
248,Michael Yoder,Male,90,65,1,Low,62.0,4.9,Yes
249,Christine Shah,Male,92,78,3,High,92.0,2.4,Yes
250,Thomas Mcgrath,Female,95,60,1,High,87.0,1.1,Yes
251,Phillip Donovan,Male,70,86,3,Medium,92.0,2.9,No
252,James Macdonald,Female,90,90,2,Medium,92.0,1.8,Yes
253,Samantha York,Female,85,60,3,High,78.0,2.5,No
254,Timothy Dean,Male,82,60,1,Medium,92.0,3.8,No
255,Troy Bradford,Male,92,60,1,High,78.0,1.7,Yes
256,John West,Male,92,65,3,High,62.0,2.0,No
257,Michael Jones,Male,91,70,2,Low,92.0,1.8,No
260,Samantha Mendoza,Female,91,65,2,Medium,78.0,0.8,No
261,Megan Hutchinson,Female,85,70,0,High,92.0,4.1,Yes
263,Michael Payne,Male,91,88,0,Medium,68.0,1.2,Yes
265,Christine Mullins,Female,90,78,0,Medium,85.0,3.7,No
266,Jonathan Johnson,Female,85,82,3,High,78.0,0.0,No
267,,Female,95,60,2,High,92.0,1.2,Yes
268,Brittany Sutton,Female,78,70,2,Medium,88.0,2.1,No
269,Lauren Stephens,Male,85,65,2,Low,87.0,3.5,No
270,Larry Ramsey,Male,91,82,1,High,80.0,0.5,Yes
271,Donna Shaw,Male,78,82,0,Medium,78.0,3.9,No
276,Nathan Riley,Male,95,70,0,Medium,68.0,0.2,Yes
278,Alex Douglas,Female,91,88,2,Medium,78.0,3.3,Yes
279,Alex White,Male,92,60,3,Medium,68.0,1.6,Yes
280,Lori Miller,Male,91,85,3,High,72.0,3.8,Yes
281,Lauren Montgomery,Male,85,65,1,Low,88.0,1.3,Yes
282,Antonio Mitchell,Male,85,60,2,Low,72.0,1.3,Yes
283,Lauren Simpson,Male,70,86,3,Low,87.0,1.1,No
285,Tracy Gibbs,Female,92,88,2,Medium,87.0,3.8,Yes
287,Brian Lyons,Female,90,65,1,High,88.0,1.7,Yes
288,Daniel Mendez,Female,70,85,2,Low,62.0,3.6,Yes
289,Colleen Sanchez,Female,92,88,0,Medium,87.0,2.5,Yes
291,Kevin Wilson,Male,78,70,2,Low,68.0,1.5,No
293,Michelle Clay,Male,82,86,0,Medium,78.0,2.4,Yes
294,Thomas Freeman,Male,78,65,2,High,87.0,0.1,Yes
295,Monica Johnson,Female,90,60,1,Low,87.0,1.7,No
296,John Williams,Female,90,86,2,Low,62.0,2.0,No
297,Lonnie Williams,Male,82,85,2,Low,80.0,2.6,Yes
298,Richard Franklin,Female,85,88,2,Medium,88.0,4.3,Yes
299,Cynthia Nguyen,Male,78,60,2,Medium,78.0,1.4,Yes
300,Anita Berger,Male,70,88,2,Low,78.0,3.2,Yes
301,Patricia Williams,Female,95,65,0,Low,78.0,4.3,Yes
302,Diana Schultz,Female,85,88,2,Medium,87.0,0.7,No
303,Jeremy Hall,Female,85,60,3,Low,92.0,3.6,No
304,David Owens,Male,85,90,1,Medium,80.0,2.5,No
305,Ronnie White,Male,90,82,3,High,68.0,0.8,Yes
307,Justin Martinez,Female,95,78,1,Low,62.0,1.4,Yes
309,Shawn Galloway,Female,78,85,1,Medium,62.0,1.4,No
310,,Female,78,78,3,High,,3.7,No
311,Mrs. Amy Carney MD,Male,91,86,2,High,78.0,2.9,Yes
312,Amanda Bryant,Female,70,86,0,High,87.0,0.8,No
313,Nathaniel Lopez,Female,91,70,2,High,88.0,0.6,No
314,Kyle Perez,Male,85,65,1,Medium,68.0,1.1,Yes
315,Lauren Brown,Male,95,88,3,Low,62.0,0.6,No
316,John Bender,Female,92,86,0,Low,88.0,4.5,Yes
319,Timothy Armstrong,Male,91,85,3,Low,78.0,1.6,No
320,Makayla Howard,Male,70,70,2,High,87.0,2.3,Yes
321,Mark King,Female,82,65,3,High,68.0,4.2,Yes
323,Kristy Rhodes,Female,70,88,2,Medium,87.0,0.9,No
324,Allison Novak,Female,91,85,2,Medium,88.0,4.3,No
325,Tyler Boyer,Male,88,70,3,Medium,87.0,3.6,Yes
326,Timothy Barrera,Male,70,65,2,High,80.0,1.5,Yes
327,David Cruz,Male,91,65,1,High,85.0,0.8,No
328,Cindy Harvey,Female,70,86,2,Low,88.0,3.9,No
329,Andrea Frey,Female,85,88,0,Low,92.0,1.3,Yes
330,Allison Hamilton,Female,85,86,1,Low,88.0,3.2,No
331,Kathleen Montgomery,Female,90,70,1,Low,88.0,4.7,No
332,Terri Hayden,Female,90,90,3,Medium,68.0,3.2,Yes
333,Brian Hale,Male,70,78,3,High,62.0,3.9,Yes
334,Thomas Yoder,Female,85,77,1,Medium,68.0,0.4,No
335,Matthew Massey,Male,78,86,1,Low,92.0,2.5,Yes
336,Robert Davis,Male,91,85,0,Low,80.0,0.5,Yes
338,Mrs. Melanie Mueller,Male,85,90,0,High,80.0,3.7,Yes
339,Collin Edwards,Male,78,90,2,High,90.0,2.9,No
340,Angel Stout,Male,85,90,3,Medium,92.0,1.1,No
341,Jodi Rogers,Female,78,60,3,Low,85.0,1.6,Yes
343,Kristin Macias,Female,85,65,0,High,92.0,0.2,Yes
344,Erica Miller,Male,78,90,3,Low,80.0,4.4,No
345,Julia Brooks,Female,78,88,0,Medium,,2.2,No
347,Cassandra Perez,Male,91,86,3,Medium,87.0,3.3,No
348,Christine Cooper,Female,90,82,3,Low,87.0,0.4,No
350,Joseph Roberts,Male,88,65,1,Low,80.0,1.2,Yes
352,Tara Johnson,Female,70,78,2,Medium,78.0,3.4,Yes
353,Leon Nguyen,Female,85,70,2,High,62.0,0.4,Yes
354,Virginia Daniel,Male,82,60,1,Medium,85.0,2.8,Yes
355,Ralph Becker,Male,78,60,3,Medium,62.0,0.5,Yes
356,Laurie Johnson,Male,82,78,3,Medium,90.0,3.4,Yes
357,Shannon Hogan,Male,85,70,2,Medium,88.0,1.7,No
358,Kevin Santiago,Male,82,60,2,High,92.0,0.5,Yes
360,Derek Parks,Female,78,78,2,Medium,80.0,2.9,Yes
361,Gregory Daniels,Male,90,60,1,Low,85.0,4.1,No
363,Benjamin Vance,Male,82,65,0,High,85.0,2.3,No
364,Kelly Cohen,Male,82,86,1,Low,72.0,1.1,Yes
365,Dylan Vaughan,Male,92,65,0,High,62.0,2.6,No
366,Charles Vincent,Male,78,65,2,High,88.0,2.7,Yes
367,Crystal Brown,Female,90,70,3,Medium,85.0,3.6,Yes
368,,Male,91,77,0,High,72.0,3.2,No
369,Kyle Coleman,Male,90,77,2,Low,62.0,1.0,Yes
370,Tonya Thompson,Female,82,78,1,High,90.0,4.0,No
371,Brenda Bell,Male,70,70,1,High,85.0,4.2,No
372,Frank Dawson,Male,85,77,1,Low,87.0,3.6,Yes
373,Kelsey Watkins,Female,78,82,0,High,85.0,1.0,Yes
374,Jordan Chase,Female,92,77,3,Medium,80.0,4.5,Yes
375,Natalie Long,Female,92,86,2,Low,92.0,3.1,Yes
376,Angela Garcia,Male,95,90,2,High,62.0,0.1,No
377,Matthew Werner,Male,91,88,2,High,62.0,2.8,No
378,Daniel White,Female,92,90,2,Medium,62.0,2.9,No
380,Christopher Jones,Female,82,77,1,Low,68.0,2.6,No
381,Nicholas Baxter,Male,85,70,2,High,85.0,4.7,Yes
382,Ashley Jordan,Male,78,78,2,High,85.0,4.7,No
383,Micheal Perez,Female,78,77,2,Medium,87.0,0.8,No
384,Bryan Salazar,Male,88,77,2,Medium,62.0,2.4,No
385,Brian Castro,Male,85,82,0,Low,92.0,2.8,No
386,John Warner,Male,92,65,3,High,,4.3,Yes
387,Michelle Ryan,Female,70,88,1,Low,92.0,0.1,No
388,Sandra Burns,Male,78,65,1,Low,78.0,4.0,Yes
389,Dawn Foster,Male,88,65,1,High,72.0,0.4,No
390,Kelly Baker,Male,90,70,2,Medium,88.0,4.7,No
391,,Female,92,70,0,High,68.0,1.1,Yes
393,Christine Young,Male,88,78,2,Low,88.0,1.9,No
394,Amy Stout,Female,91,86,0,High,90.0,3.9,Yes
395,Daniel Erickson,Male,91,77,3,Medium,62.0,1.0,No
396,Carla Rodriguez,Female,78,90,1,Medium,72.0,0.2,No
398,Jonathon Woodward,Female,88,78,1,Low,87.0,0.3,Yes
399,Collin Peterson,Female,70,78,0,Medium,62.0,3.6,Yes
400,Christopher Payne,Male,95,88,2,Low,80.0,3.5,Yes
401,Katherine Gray,Female,91,78,0,Low,62.0,1.7,Yes
402,Gary Young,Male,85,88,2,High,90.0,4.9,Yes
403,Mike Waters,Male,92,60,2,High,80.0,2.4,Yes
404,Megan Murphy,Female,82,65,1,Low,80.0,0.3,Yes
406,Robert Harper,Male,85,86,3,High,78.0,1.0,Yes
407,Robert Martinez,Male,95,88,0,High,80.0,1.4,Yes
408,Bonnie Morris,Male,78,60,2,Low,68.0,5.0,No
409,Rebecca Baxter,Female,85,86,3,Low,92.0,1.5,Yes
410,Dawn Nguyen,Female,90,90,0,Medium,85.0,0.3,Yes
411,Adam Weaver,Male,78,82,2,Low,72.0,4.2,Yes
412,Kathleen Newton,Male,70,60,2,Low,78.0,2.9,No
413,Christine Hamilton,Male,92,90,2,Low,72.0,3.8,No
414,Elizabeth Chavez,Male,88,88,2,Low,62.0,3.0,Yes
415,Sean Levine,Male,88,70,0,Medium,92.0,0.7,Yes
416,Donna Fowler,Male,78,78,2,High,68.0,2.1,Yes
417,Felicia Carpenter,Female,85,90,1,Low,90.0,4.0,Yes
418,John Fox,Female,95,77,1,Medium,92.0,3.0,No
419,Christina Russo,Female,92,70,3,Low,68.0,2.8,No
420,Nathan Wall,Male,85,85,1,High,72.0,4.2,No
422,Melissa Lucas,Female,88,86,0,Low,92.0,3.7,No
423,Maria Carter,Female,91,60,2,Low,92.0,3.2,Yes
424,Cynthia Sloan,Female,90,78,1,Medium,87.0,0.7,No
425,Paige Campbell,Female,91,85,2,High,90.0,0.8,No
427,Amanda Bowers,Female,92,60,1,Low,87.0,2.2,No
428,Richard Johnson,Female,90,90,3,Low,80.0,3.1,No
429,Mrs. Cindy Sharp DVM,Male,70,82,2,Low,92.0,1.2,Yes
434,Gail Dudley,Female,85,82,3,Medium,90.0,1.6,Yes
435,Charles Aguilar,Male,70,82,1,Medium,78.0,4.8,Yes
436,Kathy Sandoval,Male,88,77,1,Low,62.0,4.8,Yes
437,Dawn Torres,Male,82,90,1,High,62.0,1.7,Yes
438,Shelly Hurley,Male,70,70,1,Medium,62.0,2.3,No
440,Rhonda White,Female,91,90,1,High,68.0,0.3,Yes
441,Jennifer Morgan,Female,90,86,2,Low,80.0,4.5,Yes
443,Michael Willis,Male,95,86,3,Low,68.0,4.6,No
444,Felicia Cline,Female,85,78,1,High,90.0,1.1,No
445,Ashley Kaufman,Male,88,70,3,Medium,92.0,3.6,No
447,Brooke Friedman,Female,85,90,2,Low,72.0,0.9,No
448,Miguel Leblanc,Female,88,78,2,High,80.0,2.6,No
449,Andrew Cook,Male,85,88,3,Medium,,4.1,No
451,Jeremy Shields,Female,88,86,0,Low,72.0,4.6,No
453,Andrew Jimenez,Female,85,65,1,High,62.0,1.3,No
455,Jessica Ferguson,Male,91,60,0,Medium,68.0,3.2,No
456,Nicholas Robinson DDS,Male,95,86,0,Medium,85.0,4.8,No
457,Kimberly Lambert,Male,70,85,1,Low,78.0,2.9,No
458,,Female,88,85,2,High,78.0,1.9,No
459,Jessica Fuller,Female,88,88,1,Low,92.0,4.9,No
460,,Female,91,60,0,Low,87.0,3.7,Yes
461,Justin Jennings,Male,88,70,2,Medium,80.0,0.6,No
463,Peter Figueroa,Female,85,86,3,Low,90.0,3.4,No
464,Larry Brown,Female,95,78,1,Low,62.0,0.9,Yes
465,Cassandra Ryan,Male,90,78,0,Medium,90.0,5.0,No
466,John Lopez,Female,85,65,1,High,68.0,3.6,Yes
467,Ashlee Wilcox,Male,85,86,2,High,72.0,0.0,Yes
468,Sarah Davis,Male,85,90,1,High,87.0,4.5,Yes
469,Ms. Heather Dean,Female,85,85,0,High,85.0,0.4,No
470,Jacob Bean,Male,91,82,3,High,62.0,1.8,No
471,Jessica Banks,Male,95,86,2,Low,,2.3,Yes
472,Melinda Cummings,Female,78,90,3,Low,68.0,0.1,Yes
474,Christopher Moore,Female,90,85,3,High,88.0,3.4,No
475,Timothy Mcbride,Female,82,60,0,Medium,78.0,3.8,No
476,Robin Stewart,Male,70,88,3,Low,87.0,2.6,Yes
477,,Male,85,78,0,Low,87.0,0.4,No
478,Mark Sanchez,Male,85,60,3,Medium,72.0,4.1,No
479,,Male,91,78,2,Low,90.0,4.3,Yes
480,James Reynolds,Male,92,88,3,Low,78.0,2.0,No
483,Samuel Smith,Female,92,90,2,High,,4.3,No
484,Brandon Rasmussen,Male,82,70,0,High,90.0,3.2,No
485,Justin Johnson,Male,88,90,0,High,85.0,3.1,No
486,Patrick Thompson,Male,91,85,2,Low,80.0,0.9,Yes
487,James Torres,Male,95,90,1,Low,90.0,0.1,Yes
488,Ryan Beltran,Male,92,78,2,Medium,92.0,1.9,Yes
489,Travis Schultz,Female,92,82,0,High,90.0,0.8,Yes
490,Joyce Williams,Male,95,85,1,Low,68.0,0.3,No
491,Kimberly Harrison,Male,91,86,2,Medium,92.0,3.0,Yes
492,Jean Moreno,Male,90,60,3,High,,1.0,Yes
493,Aimee Christensen,Female,85,82,2,Medium,62.0,3.9,Yes
495,Kelsey Bush,Female,85,86,2,Medium,87.0,2.1,Yes
497,David Diaz,Male,92,65,1,Medium,,0.8,Yes
499,Paul Williams,Female,78,77,1,Medium,90.0,3.9,Yes
501,Rhonda Davenport,Male,91,85,2,Medium,85.0,1.9,No
502,David Bauer,Male,90,65,0,Medium,90.0,1.6,No
503,Stephanie Merritt,Female,70,77,3,Medium,78.0,2.6,No
504,Mr. Kent Stanton,Male,85,70,0,Low,90.0,2.3,Yes
505,Matthew Davies,Female,70,86,1,Medium,72.0,4.9,No
506,Michael Poole,Male,82,85,3,Low,78.0,1.8,Yes
507,Barry Jenkins,Female,90,85,1,Medium,90.0,4.3,No
508,Craig Mccann,Female,85,90,0,Low,85.0,2.6,Yes
509,Veronica Saunders,Male,91,78,1,Low,80.0,0.3,No
510,Kimberly Anderson,Male,85,88,1,High,85.0,1.6,Yes
512,Mary Warren,Female,95,77,1,High,62.0,3.1,Yes
513,Gregory Davila,Male,78,77,2,High,62.0,0.5,No
514,,Male,92,77,2,Medium,88.0,3.3,Yes
515,Anna Rollins MD,Male,90,90,2,Low,80.0,4.6,No
516,Jill Williams,Male,90,65,2,Low,90.0,3.8,Yes
518,Alexis Walton,Female,78,60,1,Medium,,4.3,No
519,John Franklin,Male,70,85,2,High,78.0,1.6,No
520,Seth Johnson,Female,70,60,3,Low,92.0,5.0,Yes
522,Felicia Houston,Female,91,82,1,Medium,62.0,4.1,No
523,Daniel Sullivan,Male,78,85,2,Low,92.0,4.4,Yes
524,,Female,95,85,2,High,80.0,4.3,Yes
526,Melissa Wilson,Female,91,77,1,Low,78.0,5.0,Yes
527,Christopher Collins,Female,95,88,1,Medium,85.0,1.2,Yes
528,Melissa Wang,Male,88,85,0,Low,87.0,4.3,No
529,Christopher Atkinson,Male,78,65,2,High,92.0,4.9,Yes
530,Molly Jones,Female,82,77,1,Medium,78.0,3.7,No
531,Mr. Devon Garrett,Male,85,82,2,High,90.0,3.3,No
533,Benjamin Alexander,Female,70,77,1,High,85.0,1.9,Yes
534,Anthony Smith,Male,92,90,0,Low,92.0,2.5,No
535,Patrick Reed,Female,90,65,1,Medium,90.0,2.3,No
537,Julian Fox,Male,70,70,3,Low,88.0,3.4,Yes
538,Tiffany Sanders,Female,90,77,2,Low,78.0,3.7,Yes
539,Michelle Benjamin,Male,78,85,2,Low,72.0,0.8,Yes
540,Mark Fleming,Female,95,85,1,High,78.0,1.1,Yes
541,Sarah Norris,Male,85,60,0,Medium,72.0,2.4,Yes
542,Catherine Koch,Female,82,78,0,High,68.0,0.3,No
543,Christina Fitzgerald,Male,92,90,0,Medium,90.0,4.4,No
544,Maria Cross,Female,82,82,1,High,62.0,3.9,No
545,Scott Ferguson,Female,70,88,3,Medium,62.0,1.3,No
546,Christina Gonzales,Male,70,77,0,Medium,78.0,1.8,Yes
548,,Female,91,90,2,Medium,87.0,4.8,No
549,Bryan Hoover,Female,95,86,1,Low,72.0,2.0,No
550,Lisa Brooks,Female,85,70,3,High,90.0,2.7,Yes
551,David Stevens,Male,85,70,0,High,88.0,2.4,Yes
552,Brandon Alvarez,Female,78,78,3,Medium,88.0,0.2,No
553,Mr. Martin Dominguez MD,Female,95,77,1,High,78.0,3.8,Yes
554,Karl Murray,Male,70,86,0,Medium,87.0,2.8,Yes
555,Morgan Bell,Male,82,85,2,High,78.0,4.7,Yes
556,Christian Odom,Male,91,90,0,Medium,90.0,3.9,Yes
557,Amber Gray,Male,78,82,3,Medium,85.0,1.8,Yes
559,Amy Evans,Male,88,85,1,High,90.0,2.3,Yes
561,John Sexton,Female,82,70,1,Medium,80.0,3.8,No
563,Lance Johnson,Female,95,65,0,Low,88.0,1.3,No
564,John King,Male,85,77,1,Low,85.0,4.0,Yes
565,Christopher Cruz,Female,85,88,3,High,78.0,0.5,Yes
567,Joel Ford,Female,88,60,2,Medium,90.0,3.7,No
568,Kaitlin Walton,Female,92,86,3,High,72.0,1.5,No
569,Roy Johnson,Male,92,82,2,Medium,78.0,3.4,Yes
570,David Hernandez,Male,90,77,3,Medium,88.0,3.1,No
571,Jenny Coleman,Female,88,82,1,Low,87.0,0.7,No
572,David Meyer,Male,85,65,1,High,,3.0,Yes
573,Andrea Barber,Male,78,86,2,Medium,92.0,0.0,No
574,Russell Jones,Female,82,65,2,High,80.0,0.6,Yes
576,Michael Kane,Male,88,77,0,Low,62.0,1.2,Yes
577,Keith Wilson,Female,92,90,2,Medium,92.0,0.5,No
578,Cory Rosario DDS,Female,85,85,2,Low,92.0,3.6,Yes
579,Kristine Williams,Female,85,82,1,Low,85.0,3.4,Yes
580,Tina Velazquez,Female,85,82,2,Medium,90.0,0.9,No
581,Monique King,Female,82,90,0,Low,72.0,3.4,Yes
582,Shari Harrell,Male,70,60,1,Medium,88.0,1.6,Yes
584,Gordon Merritt,Male,85,65,2,Low,90.0,4.0,Yes
585,Jessica Davies,Female,82,70,0,High,88.0,4.0,Yes
586,Adam Blackwell,Male,85,70,1,Low,68.0,4.2,No
587,Raymond Smith,Female,85,70,2,High,88.0,3.8,Yes
588,Jennifer Dickson,Female,70,78,1,Low,90.0,1.8,Yes
589,Angela Warren,Male,90,60,1,Low,88.0,3.0,No
590,Mark Castillo,Male,70,85,3,Low,92.0,2.1,Yes
591,Susan Morris,Female,85,70,1,High,72.0,2.3,Yes
592,Jessica Wright,Female,85,90,3,Low,87.0,1.8,Yes
593,Hayley Johnson,Male,85,78,2,High,87.0,4.3,No
594,Ruben Steele,Female,82,65,3,Medium,90.0,4.8,No
595,Megan Miller,Male,90,85,1,Medium,88.0,1.3,No
596,Melvin Mcgee,Male,91,65,0,High,88.0,4.0,No
598,Mario Johnston,Male,91,88,1,High,87.0,3.1,Yes
600,Amy Rodriguez,Male,95,85,2,Low,,2.7,No
601,Crystal Proctor,Male,95,60,0,High,78.0,2.2,Yes
602,Dawn Edwards,Female,90,88,1,Medium,90.0,0.3,Yes
603,Heidi Simmons,Female,95,65,0,High,92.0,1.1,Yes
604,James Woods,Male,88,77,2,High,87.0,3.2,Yes
605,John Carter,Male,82,88,2,Medium,68.0,4.2,Yes
606,Kevin Marquez,Female,70,60,3,High,85.0,0.6,Yes
607,Barbara Case,Female,92,90,3,Low,90.0,4.6,No
608,Samuel Shaw,Male,88,82,1,Medium,80.0,0.8,Yes
609,Daniel Solomon,Male,88,78,2,Medium,62.0,2.4,Yes
610,Darrell Adams,Female,78,70,2,High,90.0,1.2,No
611,Robin Spears,Female,78,86,1,High,68.0,2.5,No
613,Alicia Watson,Female,70,65,0,High,68.0,4.5,No
614,Tiffany Huff,Female,90,77,2,High,85.0,0.2,Yes
615,Rebekah Finley,Male,70,60,2,Medium,92.0,1.9,No
616,Paul Hull,Male,92,65,2,High,68.0,3.0,Yes
617,Tristan Avila,Male,88,77,2,High,90.0,4.2,Yes
618,Jeff Phillips,Female,95,78,3,High,68.0,4.2,Yes
620,Kathryn Randall,Female,70,88,0,Medium,88.0,1.2,Yes
621,Terry Hernandez,Male,82,65,2,Low,87.0,3.5,No
622,Shelby Mahoney,Male,92,88,2,Medium,88.0,3.7,Yes
623,David Park,Female,90,70,3,Low,72.0,1.9,No
624,Abigail Ingram,Male,85,85,2,Medium,90.0,3.3,Yes
626,Kristi Price,Male,85,65,0,Medium,72.0,1.7,No
627,Marvin Cardenas,Female,78,88,0,Medium,80.0,1.4,No
628,,Male,90,65,3,Medium,80.0,1.8,No
630,Diana Gould,Male,70,90,0,Low,62.0,2.6,No
631,Annette Medina,Male,78,77,2,High,87.0,0.8,No
632,Sarah Ross,Male,85,90,3,High,72.0,1.5,Yes
633,Brent Burns,Male,95,88,1,Medium,85.0,0.9,No
634,Ryan West,Female,95,78,3,High,80.0,3.5,Yes
635,Sarah Bailey,Female,90,90,1,Medium,90.0,4.1,No
636,Grant Henderson,Female,78,88,1,Medium,80.0,0.3,No
637,Erika Kennedy,Male,70,90,2,High,72.0,4.5,No
638,Joseph Green,Female,92,82,1,Low,,0.2,Yes
639,Michael Cooley,Female,90,86,1,Low,87.0,3.6,No
640,Rebecca Evans,Female,85,78,1,High,92.0,3.6,No
642,James Hoover,Female,78,85,2,Low,92.0,0.7,Yes
644,Mrs. Jill Long,Male,70,82,2,High,78.0,1.8,No
645,Vincent Smith,Female,85,85,2,Low,78.0,2.6,No
646,,Female,90,85,1,Medium,72.0,4.7,Yes
648,Paige Turner,Male,91,77,0,Medium,,4.0,No
649,Jennifer Wiggins,Female,70,86,3,Low,68.0,0.1,No
650,Anthony Green,Female,85,86,0,Low,90.0,2.0,No
651,Arthur Johnson,Female,85,88,2,Medium,68.0,3.1,No
652,Angela Bridges,Male,70,88,0,Medium,80.0,4.8,Yes
653,Jason Adams,Female,82,85,1,Low,87.0,2.2,Yes
654,Ryan Ball,Female,85,86,2,Medium,80.0,5.0,No
658,Sarah Dixon,Male,85,60,2,Low,62.0,3.8,No
659,Brianna Henderson,Male,95,88,3,Low,87.0,1.5,No
660,Deanna Jones,Female,85,65,2,Medium,80.0,1.4,No
661,Taylor Acosta,Female,85,60,3,High,85.0,1.6,Yes
662,Shannon Spencer,Female,88,82,0,Low,88.0,2.4,Yes
663,Heather Johnson,Female,90,77,1,Low,72.0,1.6,Yes
664,Ellen Cross MD,Male,70,70,0,High,78.0,0.5,No
665,Mary Ramos,Female,91,90,1,High,90.0,1.3,No
666,Richard Swanson,Male,88,78,1,Low,88.0,0.7,Yes
667,Justin Martin,Male,85,90,1,Medium,85.0,4.1,Yes
668,Teresa Sanders,Male,90,88,1,High,62.0,1.2,No
670,Alejandro Gutierrez,Female,91,82,3,High,68.0,3.2,Yes
671,Melissa Donaldson,Female,91,70,3,Medium,68.0,4.1,No
672,Linda Beasley,Male,91,70,3,Low,92.0,3.5,No
673,Joanna Martinez,Female,92,60,3,High,88.0,2.5,Yes
674,Alyssa Berg MD,Female,91,65,2,Low,,0.2,Yes
675,Jason Anderson,Female,82,82,0,Medium,88.0,2.7,Yes
677,Ruth Davis,Male,85,65,2,Low,90.0,4.3,Yes
678,,Female,88,88,2,Medium,92.0,3.7,Yes
679,Morgan Hampton,Male,92,77,0,Medium,85.0,2.3,No
680,Samantha Klein,Male,92,86,2,High,88.0,3.1,Yes
681,Michael Webb,Male,88,88,2,Medium,90.0,0.5,Yes
682,Ariana Morse,Female,78,88,3,High,80.0,4.5,No
683,Amy Fisher,Female,82,86,2,High,90.0,1.1,Yes
684,Sean Hull,Female,91,88,1,Medium,88.0,0.9,No
685,Wendy King,Male,82,77,0,Medium,87.0,2.7,No
686,Darren Martin,Male,91,65,1,Low,72.0,0.5,Yes
687,Diane Ross,Male,85,88,2,Medium,80.0,4.6,Yes
688,Samantha Novak,Female,95,78,0,Medium,88.0,4.5,No
689,Omar Gonzalez,Female,78,78,2,Low,87.0,1.7,No
690,Norma Ward,Male,78,88,1,Low,78.0,4.6,Yes
691,Richard Oneal,Female,85,77,1,High,90.0,2.8,No
693,Rachel Diaz,Female,91,88,1,High,80.0,2.3,No
695,Rebecca Kelly,Male,85,78,2,Medium,80.0,2.8,No
696,Julia Russell,Male,91,90,1,Low,85.0,0.4,No
697,Marissa Stewart,Male,85,82,1,High,72.0,2.3,Yes
698,Jennifer Smith,Male,91,90,3,Low,88.0,0.1,No
699,Amanda Hernandez,Female,82,77,1,High,88.0,0.2,No
700,William Carlson,Female,95,77,1,Low,80.0,4.3,Yes
702,Victoria Mcbride,Female,95,78,3,High,68.0,0.8,No
703,Edward Baker,Female,88,60,1,Medium,68.0,4.0,No
704,Madeline Rush,Male,88,78,2,Medium,62.0,3.6,Yes
705,Joseph Sherman,Male,88,60,2,High,85.0,0.9,Yes
706,Michael Noble,Female,88,86,1,Low,62.0,4.0,Yes
707,Kristy Nichols,Male,85,82,2,Low,78.0,3.3,No
708,Dr. Erik Pineda,Male,70,70,2,Medium,87.0,2.6,Yes
709,Renee Scott,Male,90,90,1,High,85.0,2.3,No
710,Alan Williams,Female,90,77,1,Medium,72.0,3.8,Yes
712,Cindy Morales,Male,85,88,0,High,80.0,1.5,No
713,Kimberly Calderon,Male,85,70,3,Low,87.0,1.2,Yes
715,Mitchell Sanders,Female,70,70,0,High,62.0,3.3,Yes
716,Lawrence Roberts,Female,91,88,2,Medium,87.0,2.8,No
717,Anna Martinez,Male,85,70,3,Medium,90.0,0.4,No
718,Jordan Brooks,Female,88,90,2,High,62.0,2.9,Yes
720,Kelly Suarez,Male,90,60,0,Medium,92.0,2.2,No
721,Christina Mcintyre,Male,85,82,1,Medium,88.0,0.4,Yes
722,Lisa Zimmerman,Male,92,88,3,Medium,78.0,3.8,No
725,Mark Miller,Male,78,65,3,Low,85.0,4.7,Yes
726,Brent Mendoza,Female,92,85,1,Medium,87.0,1.4,No
728,Patricia Carr,Male,92,60,3,Low,80.0,4.3,No
729,Mrs. Kathy Woodward,Female,82,90,3,High,72.0,2.2,No
731,Michael Bailey,Male,85,78,2,Medium,78.0,5.0,No
732,Mr. Stephen Gilmore,Male,91,60,0,Medium,72.0,3.5,Yes
733,David Ruiz,Male,88,88,2,Medium,68.0,0.7,No
734,Mariah Cole,Male,82,85,2,High,87.0,2.5,Yes
735,Desiree Reyes,Female,90,78,2,High,90.0,1.1,Yes
737,Aimee Green,Male,92,82,0,High,85.0,3.9,Yes
738,Robert Johnson,Male,78,65,3,Medium,78.0,2.0,Yes
739,,Female,90,70,1,High,90.0,4.7,No
740,Michael Kelly,Female,95,88,1,Low,80.0,3.8,No
741,Jack Simmons,Female,90,70,3,High,85.0,0.4,Yes
742,Lisa Zhang,Male,85,70,2,Low,87.0,2.0,Yes
743,John Odonnell,Female,85,60,1,Medium,90.0,1.4,Yes
744,Wendy Miller,Female,88,86,3,Medium,68.0,3.1,No
746,Vickie Holloway,Male,95,77,2,Medium,88.0,1.0,Yes
747,Donna Robinson,Male,85,85,1,Low,78.0,0.8,No
748,Maria Walls,Female,88,90,1,Medium,,2.4,Yes
749,Juan Lopez,Female,85,70,1,High,78.0,0.7,Yes
750,Faith Johnson,Male,91,70,0,High,85.0,3.8,Yes
751,David Hoffman,Male,91,78,0,Medium,85.0,4.6,Yes
752,Nathan Miller,Male,85,70,3,High,92.0,5.0,Yes
753,Michael Martinez,Female,85,90,2,Low,87.0,2.9,Yes
754,Felicia Davis,Female,95,60,0,Medium,72.0,1.1,No
755,Martha Moody,Male,91,88,1,Low,85.0,4.9,No
756,,Female,95,90,0,Medium,85.0,3.2,Yes
757,Randall Hickman,Male,82,86,2,Medium,78.0,2.2,No
758,Lisa Maynard,Male,90,77,0,Medium,62.0,0.1,Yes
759,Lynn Anderson,Male,70,90,2,High,62.0,0.0,Yes
761,Andrew Wilkerson,Female,95,70,3,Medium,92.0,3.3,No
762,Lisa Johnson,Female,92,60,0,High,85.0,0.4,Yes
763,Peter Jones,Female,90,90,2,Medium,80.0,2.9,Yes
764,Robert Taylor,Male,85,88,0,Medium,80.0,2.4,No
765,Deanna Gonzalez,Female,85,90,1,Low,68.0,1.6,No
767,Aaron Walls,Male,91,78,1,High,92.0,1.4,No
768,Laura Cortez,Female,78,82,1,High,87.0,2.0,Yes
770,Robert Howard,Female,91,60,2,Medium,85.0,1.0,No
771,Melissa Morris,Male,70,70,1,High,72.0,4.0,No
772,Richard Perez,Female,85,90,3,Low,92.0,3.7,No
773,Kelly Gibson MD,Male,82,60,2,Medium,80.0,3.0,No
774,Peggy Hill,Male,85,90,3,Low,90.0,0.8,Yes
775,William White,Male,78,65,1,High,90.0,4.3,No
776,Anthony Wright,Female,78,86,1,High,85.0,0.2,No
777,Christopher Ray,Male,91,60,3,High,90.0,2.1,Yes
778,William Hogan,Male,95,85,2,Low,85.0,4.5,Yes
779,Lisa Lynch,Female,85,77,3,High,92.0,1.5,Yes
780,Eddie Robertson,Male,92,60,2,Medium,68.0,4.0,No
781,Hannah Gentry,Female,70,86,2,High,90.0,5.0,Yes
782,Kaylee Benjamin,Female,88,90,2,High,78.0,2.8,No
783,David Jimenez,Female,90,78,3,Low,92.0,2.9,No
784,Michael Smith,Male,91,77,3,High,68.0,4.3,Yes
785,David Anderson,Male,92,60,1,High,72.0,1.1,Yes
786,Cameron Bender,Female,78,90,1,High,72.0,4.3,Yes
787,Sarah Johnson,Male,90,90,0,Low,92.0,1.5,No
789,Laura Stevens,Female,85,90,2,High,92.0,2.7,No
790,Peter Welch,Female,88,90,2,Low,,3.5,Yes
791,Stephanie Mcfarland,Female,91,65,1,High,72.0,3.7,No
792,Christopher Mccullough,Female,85,85,2,High,85.0,4.1,Yes
794,Ricky Johnson,Female,70,86,1,High,92.0,3.4,No
795,Mallory Fletcher,Female,92,86,2,Low,92.0,1.8,Yes
796,Jaime Nguyen,Female,90,70,3,Medium,78.0,4.4,No
797,Sean Hernandez,Female,91,88,1,Low,88.0,4.8,Yes
798,Travis Pierce,Female,91,82,3,Medium,68.0,1.4,No
799,Nathan Navarro,Male,95,88,2,Medium,72.0,4.1,No
800,Michael Walters,Female,78,65,1,Low,78.0,3.5,Yes
801,Kayla Solomon,Male,70,65,1,Low,92.0,3.2,Yes
802,Timothy Austin,Female,91,88,0,High,68.0,0.4,No
803,Shelby Richards,Female,88,77,3,Medium,80.0,0.8,Yes
804,Kimberly Wood,Female,91,60,1,Medium,92.0,0.7,Yes
805,Cheryl Brown,Male,88,65,2,High,87.0,3.1,Yes
808,Angel Howard,Male,82,88,1,High,92.0,1.9,No
809,,Male,70,78,3,Low,62.0,3.6,Yes
810,Deborah Hunter,Female,78,85,0,Low,80.0,1.2,No
811,Julia Sanchez,Male,85,65,1,Low,62.0,3.4,No
812,Timothy Pruitt,Female,90,60,3,Medium,92.0,2.5,No
814,Justin Clark,Male,70,65,2,Medium,80.0,3.7,No
815,James Smith,Female,88,90,1,High,92.0,4.1,No
816,Ashley Nguyen,Male,85,65,2,Medium,78.0,0.6,No
817,Lisa Castillo,Female,85,70,1,Low,68.0,3.3,No
818,Joseph Adams,Female,95,86,3,Low,87.0,3.9,No
820,,Male,91,85,2,Medium,78.0,2.6,No
821,Kristen Galloway,Female,95,60,0,High,90.0,3.2,No
822,Dalton Chen,Female,82,86,1,Medium,90.0,4.8,No
825,Steven Crawford,Female,91,85,1,Medium,92.0,4.2,No
826,Darlene Tapia,Male,78,78,1,Low,90.0,2.5,No
827,Taylor Merritt DVM,Female,88,86,0,Low,78.0,4.8,No
828,,Female,78,78,3,High,68.0,1.5,No
829,Brian Diaz,Male,78,77,0,Low,72.0,2.7,No
830,Grace Valencia,Female,70,88,1,Low,78.0,1.4,Yes
832,Brandy Wilson,Male,78,77,1,Low,78.0,0.7,No
833,William Wade,Female,85,82,2,Low,80.0,0.9,Yes
834,David Nunez,Male,95,60,0,Low,72.0,4.0,No
835,Sydney Patterson,Female,85,82,3,High,80.0,2.7,No
837,Andrew Owens,Male,78,77,1,Medium,92.0,0.2,Yes
838,Michael Woods,Female,78,88,3,Low,68.0,2.5,Yes
839,Danielle Scott,Female,78,88,2,Low,78.0,4.8,Yes
840,Melissa Perry,Male,92,82,2,Low,85.0,0.7,Yes
841,Matthew Miller,Male,95,78,3,High,87.0,3.7,No
842,Maria Scott,Female,88,85,1,Low,88.0,0.1,Yes
843,,Male,85,88,1,Medium,80.0,4.2,No
844,Luis Carter,Male,91,88,1,Low,85.0,2.0,Yes
846,Susan Benson,Female,90,90,3,Medium,62.0,2.8,Yes
847,Heidi Leonard,Male,85,85,3,Low,85.0,0.2,No
848,Francisco Williams,Male,70,86,0,High,80.0,0.5,Yes
849,Justin Jacobs,Male,78,65,3,Medium,87.0,4.0,No
850,Michelle Woods,Male,91,65,2,Medium,88.0,3.0,No
851,Gloria Henderson,Male,95,77,3,High,78.0,0.6,No
852,Alexis Bates,Male,92,70,2,High,85.0,3.9,Yes
853,Joshua Kane,Male,92,70,2,Low,78.0,2.0,No
855,Jason Woods,Female,95,60,1,Medium,90.0,5.0,No
857,Jesus Wood,Male,85,70,0,High,80.0,2.6,No
858,Melissa Nguyen,Male,95,86,1,Medium,85.0,1.8,No
860,Caleb Serrano,Male,91,60,0,Medium,87.0,3.2,Yes
861,Christine Curtis,Female,70,82,3,Low,62.0,0.5,No
862,Eric Davis,Male,85,77,1,Medium,72.0,3.8,No
864,Brett Barrett,Female,90,70,3,High,72.0,0.3,Yes
865,Jesse Barber,Male,95,65,0,High,72.0,1.6,Yes
866,Michael Webster,Male,91,82,3,High,87.0,0.1,Yes
867,Ashley Franco,Female,90,78,1,Medium,72.0,2.0,Yes
868,Matthew Stevenson,Male,92,77,1,Medium,78.0,0.4,Yes
869,Samantha Burton,Male,95,82,1,Medium,78.0,3.5,No
870,Caitlin Carter,Male,90,65,3,Low,80.0,3.8,Yes
871,Stephanie Snyder,Male,88,60,2,Medium,85.0,0.7,No
872,Sean Smith,Male,92,85,1,Medium,88.0,3.7,Yes
873,John Coleman,Female,88,60,0,Low,80.0,2.9,Yes
874,Courtney Bradley,Female,88,90,0,Medium,78.0,0.4,Yes
875,Angelica Steele,Female,82,60,1,Medium,92.0,2.3,No
876,Kim Fischer,Female,78,82,0,Low,80.0,3.0,Yes
877,Stephen Ramirez,Male,92,77,2,Medium,90.0,0.7,Yes
878,Miss Teresa Hernandez MD,Female,90,78,0,High,78.0,4.6,No
879,David Robertson,Male,82,82,2,Low,,0.8,Yes
880,Charles Pearson,Female,91,60,2,High,,3.9,Yes
881,Alexa West,Female,85,60,1,Low,85.0,1.1,No
882,Judith Santos,Male,85,85,1,Low,87.0,2.5,Yes
883,Penny Hopkins,Female,70,86,1,High,80.0,2.8,No
884,Ronald Stewart,Male,91,65,0,Low,88.0,3.6,No
885,Jeffrey Garcia,Male,85,86,2,Medium,92.0,3.7,Yes
886,Wesley May,Female,88,82,2,Low,87.0,0.9,Yes
887,Taylor Crawford,Female,70,65,2,High,72.0,0.2,Yes
888,Alexander Preston,Female,85,77,2,Medium,90.0,3.2,Yes
889,Donna Hardin,Female,78,86,1,High,92.0,4.4,Yes
890,Connie Cooper,Female,85,70,1,Medium,88.0,3.3,No
892,Beverly Fisher,Male,85,88,1,High,78.0,1.7,No
893,Michael Burns,Female,85,82,0,High,90.0,4.7,Yes
894,Lindsey Kerr,Male,70,60,1,High,90.0,2.8,Yes
895,Gary Holland,Female,85,82,3,Medium,72.0,0.4,Yes
896,Taylor Mcgee,Female,92,88,1,Low,90.0,4.4,No
897,Lawrence Miller,Female,95,77,1,Low,80.0,2.5,No
898,Todd Jackson,Female,88,82,0,High,87.0,0.9,Yes
899,Eileen Lee,Male,90,70,2,Low,72.0,4.6,No
900,Jesus Henson,Female,70,77,1,High,90.0,0.5,No
902,Calvin Macias,Male,90,78,2,Medium,90.0,0.7,Yes
903,Bradley Stevens,Male,85,78,3,Low,72.0,2.0,Yes
904,Joshua Carpenter,Male,85,82,1,High,80.0,3.7,Yes
905,Sylvia Chavez,Female,95,70,0,High,78.0,3.9,No
906,Lori Gomez PhD,Female,85,82,3,Medium,85.0,2.8,Yes
907,Carrie Mccoy,Male,85,65,1,High,87.0,2.4,Yes
908,Stephanie Lawrence,Female,90,70,2,Low,72.0,0.1,Yes
909,Elizabeth Wright,Female,95,70,3,High,78.0,1.5,No
911,Lisa Mitchell,Male,90,86,0,High,62.0,1.5,No
912,Joyce Bishop,Male,92,82,0,Medium,88.0,0.4,No
913,Michael Valenzuela,Male,95,70,1,High,62.0,3.3,No
915,Kelly Harper,Female,85,82,3,Medium,88.0,3.2,Yes
916,Isaac Lopez,Male,82,60,1,Medium,72.0,3.9,No
917,Anita Dougherty,Female,91,77,1,Low,80.0,3.7,No
920,Dawn Taylor,Female,85,60,3,High,80.0,1.0,Yes
921,Alexander Thompson,Female,90,65,0,High,92.0,2.7,No
922,Todd Brooks,Male,70,90,2,Low,88.0,3.3,No
923,Haley Robertson,Female,82,85,1,Medium,92.0,4.5,Yes
924,Tiffany Moore,Male,90,65,3,Low,80.0,4.5,No
925,Erica Thomas,Female,85,88,2,High,78.0,0.4,Yes
927,Erica Miller,Male,85,90,0,Low,85.0,4.5,No
928,Mr. Clinton Camacho,Female,90,60,1,High,78.0,4.6,Yes
929,Amy Lawson,Male,92,60,1,High,68.0,1.2,No
930,James Bennett,Female,70,70,2,High,62.0,0.7,Yes
931,Angela Perez,Female,95,70,1,Medium,62.0,3.8,No
932,Rebecca Smith,Male,70,86,1,High,62.0,0.7,Yes
934,Brittany Andrews,Male,91,85,1,Low,68.0,2.4,No
935,Donna Taylor,Female,95,82,1,High,78.0,0.0,No
936,Henry Johnson,Male,78,77,2,High,87.0,4.5,No
937,Destiny Todd,Female,82,78,1,Medium,88.0,1.4,Yes
938,Morgan Gilbert,Female,90,77,0,Low,87.0,5.0,Yes
939,Felicia Howard,Male,90,90,0,High,92.0,2.7,No
940,Jane Griffith,Female,85,65,2,High,62.0,1.3,No
941,Susan Brown,Male,91,77,1,High,90.0,4.4,Yes
942,Julie Garza,Male,85,90,3,Medium,90.0,4.5,No
943,Christopher Baxter,Female,78,78,0,High,90.0,3.9,No
944,Taylor Burns,Female,92,85,1,Low,85.0,0.5,Yes
945,Crystal Chandler,Male,91,90,1,Low,80.0,0.6,Yes
946,Darlene Fletcher,Male,85,90,0,High,92.0,1.5,No
947,Nathan Rodgers,Male,82,85,1,High,62.0,0.7,Yes
948,David Gonzalez,Female,92,65,2,Medium,,3.7,Yes
949,Sean Lyons,Male,85,85,2,Medium,,2.6,Yes
950,Rebecca Mendoza DDS,Male,95,86,2,High,92.0,3.3,Yes
951,Jodi Taylor,Female,95,82,1,High,72.0,2.9,Yes
952,John White,Female,95,85,1,Low,85.0,1.5,No
954,David Brown,Male,85,65,3,Medium,92.0,3.3,No
955,Jacob Thompson,Male,85,78,0,High,72.0,0.5,No
956,Jason Castro,Female,82,90,3,Low,85.0,3.4,Yes
957,Jason Ramirez,Female,78,77,2,High,85.0,3.8,No
958,Paul Poole,Female,90,88,3,High,85.0,2.3,Yes
959,Terri Potter,Female,91,78,0,Low,72.0,0.2,Yes
961,James Williams,Male,70,70,2,Low,88.0,4.4,Yes
963,Christopher Chapman,Male,95,82,0,High,85.0,2.3,Yes
964,Natalie Kelley,Male,92,60,3,Medium,80.0,1.6,No
966,Jasmine Williams,Male,95,85,1,Medium,62.0,3.7,No
967,Jonathan Hodges,Female,92,86,1,High,80.0,1.4,No
968,Shirley Jackson,Male,78,60,1,Medium,72.0,4.7,Yes
969,Kristi Cross,Male,85,60,3,Medium,85.0,4.8,Yes
970,Steven Wood,Male,70,85,2,High,,4.9,Yes
971,Martin Mcknight,Male,95,65,2,Medium,72.0,0.6,Yes
972,Jaime Glenn,Male,78,60,1,High,72.0,1.7,Yes
973,David Rowe,Male,85,77,1,Medium,62.0,0.6,Yes
975,Jessica Richardson,Male,95,65,2,Medium,72.0,2.9,Yes
976,Rhonda Ramos,Male,95,82,0,High,72.0,2.5,No
977,Maria Leblanc,Female,85,60,1,High,87.0,1.3,Yes
979,James Watkins,Male,90,77,3,High,72.0,4.8,No
980,Samantha Patton,Male,95,60,0,High,92.0,3.7,Yes
981,Kimberly Raymond,Male,95,77,3,Low,80.0,2.7,Yes
982,Caleb Walker,Female,78,88,1,High,,2.2,No
983,Chelsea Porter,Female,88,78,2,Low,68.0,4.6,Yes
984,Vanessa Hall,Male,85,60,3,Low,78.0,3.6,Yes
985,Michelle Aguilar,Female,78,65,1,Low,68.0,2.2,Yes
986,Christopher Diaz,Male,78,82,1,Low,90.0,0.3,No
987,Alec Peterson,Male,70,85,2,High,80.0,2.4,No
988,Joseph Smith,Female,91,70,3,Medium,78.0,0.7,No
989,Valerie Gibson,Female,91,86,2,High,87.0,4.8,Yes
990,John Jones,Male,70,78,2,Medium,92.0,3.1,No
992,Joshua Robertson,Female,85,65,0,Low,78.0,3.8,Yes
993,Tracy Kelley,Male,91,82,1,Medium,90.0,1.7,No
994,Jenna Price,Male,78,60,0,High,87.0,0.6,No
995,Jordan Thornton,Female,78,85,1,Low,72.0,1.2,Yes
996,Matthew Winters,Male,78,60,0,Medium,72.0,2.8,No
997,Nancy Gibson,Female,78,82,1,Medium,90.0,2.2,Yes
998,Nina Fowler,Male,70,78,3,Medium,68.0,4.1,Yes
999,James Garcia,Male,91,90,2,High,68.0,4.3,No
