StudentID,Name,Gender,AttendanceRate,PreviousGrade,ExtracurricularActivities,ParentalSupport,FinalGrade,StudyHours(Daily),OnlineClassesTaken,PredictedFinalGrade
1,John,Male,85,78,1,High,80.0,4.8,No,79
2,Sarah,Female,90,85,2,Medium,87.0,2.2,Yes,80
3,Alex,Male,78,65,0,Low,68.0,4.6,No,80
4,Michael,Male,92,90,3,High,92.0,2.9,No,79
5,Emma,Female,85,82,2,Medium,85.0,4.1,Yes,81
6,Olivia,Female,95,88,1,High,,2.8,No,79
7,Daniel,Male,70,60,0,Low,62.0,4.5,No,80
8,Sophia,Female,85,77,1,Medium,78.0,1.0,Yes,80
9,James,Male,82,70,2,Low,72.0,3.6,No,80
10,Isabella,Female,91,86,3,High,88.0,2.9,Yes,79
11,Anthony Smith,Male,85,60,0,High,90.0,3.3,No,79
12,Timothy Clements,Male,70,60,0,Medium,,4.4,No,81
13,Blake Martinez,Female,91,88,2,Low,72.0,1.3,No,79
14,Ian Mcdonald,Male,78,65,0,Medium,78.0,4.1,No,80
15,Maria Edwards,Male,85,70,1,High,87.0,0.3,No,79
16,Angela Dunn,Female,78,65,1,Low,62.0,2.8,Yes,80
17,Makayla Rhodes,Male,70,90,1,Low,87.0,4.4,No,80
18,Daniel Herrera,Male,82,88,1,Medium,72.0,1.0,Yes,80
19,Eric Wilson,Female,92,90,2,High,68.0,2.0,No,79
22,Jonathan Daniel,Female,85,90,2,Low,88.0,0.2,Yes,80
24,Holly Spencer,Female,88,70,3,Medium,62.0,3.6,Yes,80
25,,Male,85,60,0,Medium,87.0,1.1,Yes,80
26,Jerry Browning,Female,91,85,2,Low,92.0,2.5,No,80
27,Tonya Gonzalez,Male,90,60,1,Low,92.0,3.5,No,79
29,Denise Coleman,Male,70,78,2,High,80.0,0.7,Yes,79
30,Kimberly Petty,Male,92,77,3,Low,80.0,1.0,Yes,79
31,Stephanie Reid,Male,85,77,1,Medium,72.0,3.7,No,80
32,Michelle Graham,Female,85,85,3,Low,92.0,1.0,No,79
34,Terry Rodriguez,Female,95,60,3,Medium,92.0,0.3,No,79
35,Courtney Haas,Male,88,65,0,Low,87.0,3.7,No,80
36,Tina Knight,Male,95,88,1,Medium,87.0,1.1,No,79
37,Kimberly Randolph,Male,85,90,1,High,62.0,2.5,No,79
38,Kelly Bell,Female,78,85,2,High,92.0,1.0,No,79
39,Elizabeth Nichols,Female,92,86,1,High,,3.0,Yes,80
40,Teresa Rodriguez,Female,70,82,3,Low,68.0,2.8,No,80
41,Anne Martin,Female,90,86,2,Low,88.0,3.2,Yes,80
42,Andrea Fuller,Male,90,78,0,Low,85.0,3.9,Yes,80
43,,Male,85,86,3,High,68.0,3.1,Yes,79
44,Thomas Lee,Female,90,90,2,High,72.0,0.8,No,79
45,Gina Palmer,Female,85,60,2,Medium,92.0,1.2,Yes,80
47,Nicole Frederick,Male,82,82,3,Medium,62.0,4.9,Yes,80
48,Mark Hartman,Male,70,82,2,Medium,90.0,3.2,No,80
49,Tyler Mccormick,Male,95,90,3,Low,80.0,4.5,Yes,80
50,Elizabeth Andersen,Female,88,86,3,Low,80.0,2.9,No,80
51,Cassandra Snyder,Female,92,82,2,Medium,,0.7,Yes,80
52,Antonio Hansen,Male,88,86,2,High,87.0,3.0,No,79
53,Andrea Phillips,Female,70,86,1,Medium,92.0,0.5,No,80
54,Derek Choi,Female,91,65,3,High,78.0,2.7,No,79
56,Alison Lang,Male,95,82,1,Medium,62.0,0.7,No,79
57,Megan Diaz,Male,92,86,0,High,68.0,2.4,Yes,79
58,Linda Armstrong,Male,92,82,2,Medium,78.0,2.8,Yes,80
59,Andrew Dudley,Female,90,77,1,Medium,78.0,2.3,Yes,80
60,Penny Miller,Male,82,85,3,Medium,87.0,0.6,No,79
61,Susan Roberson,Female,90,77,0,Medium,62.0,4.4,Yes,81
62,Mary Benson,Female,70,70,3,Low,,4.7,Yes,81
63,Belinda Kim,Female,70,70,0,Medium,80.0,3.5,Yes,81
64,Jamie Allen,Male,88,65,3,Low,62.0,0.2,Yes,79
65,Paul Reese,Male,85,86,3,High,72.0,2.4,Yes,79
66,Michelle Gonzalez,Female,70,60,2,Low,85.0,0.1,No,80
67,Paula Stewart,Male,90,82,1,Medium,85.0,2.4,Yes,80
68,Ronald Schmidt,Male,90,86,2,Low,92.0,3.8,Yes,80
69,Melissa Brown,Male,92,78,0,Low,72.0,4.9,No,80
70,Ricky Jenkins,Female,85,85,1,Low,85.0,4.3,No,80
71,Cody Donovan,Female,85,86,0,Low,62.0,2.5,No,80
72,William Banks,Female,95,77,3,Medium,78.0,1.2,No,79
73,Chad Mason,Male,92,82,3,Medium,87.0,3.6,Yes,80
74,James Simmons,Male,85,78,0,Low,62.0,2.4,Yes,80
75,Michael Anderson,Female,95,85,1,High,85.0,1.1,Yes,79
77,Justin Sharp,Male,88,86,0,Medium,62.0,3.4,Yes,80
78,Jacob Yoder,Male,82,85,2,High,62.0,3.5,No,79
79,Ian Glass,Female,88,70,3,Low,,2.2,Yes,80
80,William Weber,Male,78,65,1,Medium,87.0,2.3,Yes,80
81,Cathy Pratt,Female,85,88,0,Medium,68.0,1.5,No,80
82,Cameron Austin,Female,85,77,1,High,62.0,1.0,Yes,79
83,Christopher Poole,Female,70,88,2,High,80.0,3.7,No,80
84,David Dunlap,Male,85,85,0,Medium,62.0,0.6,No,80
85,Karen Cruz,Female,88,85,2,High,68.0,3.8,Yes,80
86,Taylor Smith,Female,88,78,1,Medium,,1.4,Yes,80
87,Alexandra Harrington,Female,82,65,1,Low,87.0,4.3,Yes,80
88,Lisa Benjamin,Female,70,90,1,Medium,90.0,3.8,No,81
89,,Male,85,78,2,Medium,80.0,0.4,Yes,80
90,Ronnie Taylor,Female,70,86,1,High,92.0,4.0,Yes,80
91,James Stewart,Male,78,78,2,Medium,78.0,3.3,No,80
92,Deborah Reyes,Male,78,90,0,High,78.0,1.3,No,79
93,Richard Gonzalez,Male,85,70,2,Low,62.0,2.6,Yes,80
94,,Male,85,82,2,Low,68.0,0.4,No,79
95,Zachary Daniel,Female,85,78,2,Medium,62.0,4.3,Yes,81
96,Robert Bishop,Female,85,85,3,Low,78.0,3.8,No,80
97,Kurt Boyd,Female,85,85,2,Low,88.0,2.4,Yes,80
98,Lori Carrillo,Male,85,85,2,High,68.0,3.9,Yes,80
99,Daniel Mathis,Male,85,85,3,Medium,88.0,0.4,No,79
100,Joseph Ellis,Female,91,85,2,Low,80.0,2.8,No,80
101,Daniel Scott,Male,88,70,0,Low,88.0,3.2,No,80
102,Christian Barr,Male,82,78,0,Medium,92.0,4.9,Yes,81
105,Reginald Hoover,Female,82,85,1,High,92.0,4.8,Yes,80
107,Brian Avery,Female,85,86,3,High,87.0,1.2,No,79
109,Michael Gomez,Female,78,90,0,Low,90.0,4.1,No,80
112,Yvonne Krueger,Male,70,88,2,High,85.0,4.5,No,80
113,Manuel Baker,Female,70,85,1,Low,,0.4,No,80
114,Shane Sanders,Female,85,85,2,Medium,85.0,4.7,No,80
115,Elijah Wagner,Female,82,78,2,Medium,87.0,4.3,Yes,81
116,George Cannon,Male,85,70,1,Low,72.0,2.9,Yes,80
117,Robert Lowery,Female,88,85,0,High,80.0,1.5,Yes,79
118,James Duncan,Female,70,77,2,Medium,72.0,4.3,Yes,81
119,Michelle Kelly,Female,70,86,3,High,72.0,1.1,No,79
120,David Malone,Female,85,90,1,Medium,87.0,0.0,Yes,80
121,Megan Bernard,Male,82,70,1,Medium,72.0,2.3,No,80
123,Jeffrey Torres,Male,90,82,3,High,72.0,3.6,Yes,79
124,Christina Thompson,Male,90,60,2,Low,90.0,4.1,Yes,80
125,Laura Ross,Male,70,86,2,Low,78.0,4.5,No,80
126,Nancy Munoz,Male,91,70,2,Medium,62.0,2.4,No,79
127,Martin Walker,Male,85,70,1,Medium,80.0,3.1,No,80
128,Kimberly Pena,Female,91,88,2,High,68.0,3.6,No,79
129,Isaiah Arnold,Female,85,60,3,Low,90.0,0.8,Yes,79
131,Deborah Barajas,Female,85,90,2,Medium,78.0,0.8,No,80
132,Carrie Page,Male,95,65,1,Low,85.0,3.1,Yes,80
133,Steven Myers,Male,85,82,2,Medium,78.0,0.0,No,79
134,Frank Brown DDS,Female,88,90,2,Low,72.0,0.3,No,79
135,Derrick Alexander,Male,85,85,3,High,62.0,1.4,No,79
136,Brianna Mills,Male,88,60,1,Low,62.0,2.2,No,79
137,Daniel Hood,Male,78,86,3,Medium,78.0,0.6,No,80
138,Sean Walker,Male,85,88,1,High,87.0,0.3,No,79
139,Melanie Wilson,Female,95,70,2,Low,88.0,1.3,No,79
141,Nathaniel Kemp,Female,85,65,1,High,88.0,3.4,Yes,80
142,Bradley Martinez,Male,88,78,2,Low,62.0,4.0,Yes,80
143,Andrea Frey,Female,85,82,1,Medium,72.0,1.3,Yes,80
144,Jessica Howard,Male,90,86,1,High,85.0,2.8,Yes,79
145,Thomas Barnes,Female,85,88,1,Medium,88.0,0.8,No,80
146,Shelly Stuart,Male,85,88,0,Low,90.0,1.9,Yes,80
148,Alexis Horn,Male,85,70,3,Low,72.0,0.7,No,79
149,Jason Hood,Male,78,77,2,High,68.0,1.9,Yes,79
150,Cynthia Mcdonald,Male,85,60,2,Low,78.0,0.9,No,79
151,Michael Gonzales,Female,95,88,1,High,78.0,1.4,Yes,79
152,,Female,85,88,1,High,62.0,1.8,Yes,80
153,Maria Gray,Male,85,90,1,Low,88.0,4.9,No,80
154,Randy Anderson,Male,91,65,0,High,68.0,1.3,No,79
155,Sarah Welch,Male,95,90,2,High,68.0,1.9,No,79
157,Virginia Medina,Female,85,65,0,High,,3.8,Yes,80
158,Bobby Wilkinson,Female,95,88,3,High,72.0,2.1,Yes,79
159,,Male,85,77,1,High,92.0,4.2,Yes,80
160,William Christian,Female,82,90,3,Medium,,1.4,No,80
161,Christopher Taylor,Male,70,60,0,Low,78.0,3.6,Yes,80
162,Carl Coleman,Male,85,82,2,Low,87.0,3.2,Yes,80
163,Colleen Porter,Female,91,85,3,Medium,68.0,4.3,Yes,80
164,Brittany Briggs,Female,70,60,1,Low,80.0,4.8,No,80
165,Dr. James Henry DDS,Male,70,65,1,Medium,85.0,1.1,No,80
166,Douglas Ingram,Female,82,86,3,Medium,62.0,0.1,No,80
167,Jennifer Baker,Female,95,65,3,High,72.0,4.4,No,79
168,Audrey Robinson,Female,95,85,2,High,78.0,3.2,No,79
169,Kelly Allen MD,Female,78,85,3,Low,72.0,4.7,No,80
170,Whitney Jefferson,Male,70,70,2,Low,92.0,1.1,No,80
171,Cole Gomez,Male,85,60,2,High,85.0,1.1,Yes,79
172,Mrs. Heather Roy,Female,78,60,1,High,78.0,0.2,No,79
173,Melissa Barber,Male,91,78,1,High,68.0,3.9,Yes,79
174,Theresa Rodriguez,Male,88,90,0,High,80.0,1.2,Yes,79
175,Mary Bennett,Male,70,60,2,Low,68.0,0.5,Yes,80
176,Alison Williams,Female,88,86,2,Medium,62.0,1.0,Yes,80
177,Tyrone Phillips,Male,70,86,3,High,62.0,3.3,Yes,80
178,,Female,95,88,1,Low,72.0,4.7,No,80
179,,Male,82,60,1,Medium,72.0,2.1,Yes,80
180,Charles Murphy,Female,88,77,3,High,68.0,4.3,No,79
181,Gerald Reilly,Female,78,77,3,High,85.0,3.0,No,79
182,Yolanda Chen,Male,82,85,3,High,,2.4,No,79
183,Patrick Gonzalez MD,Male,82,88,2,Low,80.0,0.8,Yes,80
184,Gerald Weber,Male,88,88,1,Medium,80.0,3.5,No,80
186,Andrea Bradley,Female,92,82,2,Medium,80.0,0.5,Yes,80
187,Alexander Gordon DDS,Female,91,65,1,High,80.0,1.5,No,79
188,Tiffany Smith,Female,91,86,1,Medium,72.0,2.1,Yes,80
189,Bernard Whitaker,Male,70,65,1,High,90.0,4.9,Yes,80
190,Loretta Gonzalez,Male,90,60,1,Low,72.0,2.6,Yes,80
192,,Female,95,65,0,High,68.0,0.3,Yes,79
193,Eric Scott,Female,91,86,1,High,88.0,1.9,Yes,79
194,James Martinez,Male,95,60,0,Low,87.0,2.7,No,79
195,Audrey Woods,Female,85,85,2,High,62.0,2.0,Yes,79
196,Raymond Howell,Female,85,85,0,High,72.0,2.0,Yes,80
197,Brandon Dickerson,Male,88,88,0,Medium,62.0,3.3,No,80
198,Kendra Ramirez,Male,78,65,0,High,85.0,3.1,Yes,80
199,Jeffrey Sullivan,Female,82,78,0,High,80.0,0.9,No,79
200,Angela Ortiz,Male,85,86,3,High,92.0,2.1,No,79
201,Patricia Cox,Female,92,70,1,High,72.0,1.2,No,79
202,Rebecca Brown,Male,70,88,3,Medium,85.0,0.1,No,80
203,Rebecca Jones,Male,88,77,3,Low,68.0,0.1,Yes,79
204,Sharon Watson,Male,88,60,0,Low,92.0,0.4,Yes,79
205,Raven Taylor,Male,90,86,1,High,92.0,1.4,Yes,79
206,Bethany Andersen,Male,92,70,0,High,88.0,0.5,Yes,79
207,Shannon Porter,Male,78,60,0,High,62.0,1.6,No,79
208,Aaron Duarte,Male,91,85,2,High,72.0,0.5,Yes,79
209,Leslie King,Female,92,85,1,High,,3.2,No,79
211,Derrick Love,Male,85,65,2,High,90.0,3.5,No,79
212,Deborah Hernandez,Female,78,90,2,Medium,90.0,0.4,Yes,80
214,John Weber,Female,78,60,1,High,62.0,4.4,No,80
216,Julie Jackson,Male,82,82,0,High,85.0,3.8,No,79
217,Shannon Harris DDS,Male,91,85,2,Medium,80.0,2.3,No,80
218,Keith Bailey,Female,91,77,0,High,68.0,1.4,No,79
220,Melinda Miller,Female,91,65,0,High,80.0,0.6,No,79
222,Michael Case,Male,91,86,1,Low,87.0,1.8,Yes,80
225,Kylie Hancock,Female,78,90,3,High,80.0,2.1,No,79
226,Sandra Hart,Female,85,82,3,High,90.0,3.3,Yes,80
228,Barbara White,Male,85,65,3,Medium,90.0,3.4,Yes,80
229,Brian Hayes,Male,90,65,0,Low,88.0,4.0,Yes,80
230,Clayton Jones,Female,95,85,1,High,80.0,0.4,No,79
231,James Stevens,Male,82,85,1,High,88.0,3.8,Yes,80
232,Eduardo Miller,Female,90,65,1,Medium,85.0,2.8,Yes,80
233,Rebecca Kim,Male,85,78,0,High,68.0,4.4,Yes,80
234,Julie Williams,Female,95,77,1,High,80.0,3.8,No,79
235,Melanie Mckinney,Male,85,60,1,Low,87.0,3.9,No,80
236,Jacob Murray,Male,92,88,0,Low,80.0,3.0,No,80
238,Karen Wolf,Male,92,65,3,High,87.0,2.1,Yes,79
239,Patricia Hunt,Male,78,70,2,High,87.0,4.9,No,79
240,Jill Smith,Male,88,60,1,High,72.0,0.5,No,78
241,Keith Wu,Female,82,85,2,High,85.0,0.8,Yes,79
242,Miss Carla Coleman MD,Female,95,86,2,Low,90.0,1.2,Yes,80
243,Francisco Chang,Female,78,78,1,High,88.0,3.5,Yes,80
244,Jamie Torres,Female,70,88,1,High,88.0,1.0,Yes,80
246,Kimberly Blair,Female,82,86,1,Medium,88.0,4.1,No,80
247,Travis Harrell,Male,91,65,1,Medium,87.0,0.0,Yes,79
248,Michael Yoder,Male,90,65,1,Low,62.0,4.9,Yes,80
249,Christine Shah,Male,92,78,3,High,92.0,2.4,Yes,79
250,Thomas Mcgrath,Female,95,60,1,High,87.0,1.1,Yes,79
251,Phillip Donovan,Male,70,86,3,Medium,92.0,2.9,No,80
252,James Macdonald,Female,90,90,2,Medium,92.0,1.8,Yes,80
253,Samantha York,Female,85,60,3,High,78.0,2.5,No,79
254,Timothy Dean,Male,82,60,1,Medium,92.0,3.8,No,80
255,Troy Bradford,Male,92,60,1,High,78.0,1.7,Yes,79
256,John West,Male,92,65,3,High,62.0,2.0,No,78
257,Michael Jones,Male,91,70,2,Low,92.0,1.8,No,79
260,Samantha Mendoza,Female,91,65,2,Medium,78.0,0.8,No,79
261,Megan Hutchinson,Female,85,70,0,High,92.0,4.1,Yes,80
263,Michael Payne,Male,91,88,0,Medium,68.0,1.2,Yes,80
265,Christine Mullins,Female,90,78,0,Medium,85.0,3.7,No,80
266,Jonathan Johnson,Female,85,82,3,High,78.0,0.0,No,79
267,,Female,95,60,2,High,92.0,1.2,Yes,79
268,Brittany Sutton,Female,78,70,2,Medium,88.0,2.1,No,80
269,Lauren Stephens,Male,85,65,2,Low,87.0,3.5,No,79
270,Larry Ramsey,Male,91,82,1,High,80.0,0.5,Yes,79
271,Donna Shaw,Male,78,82,0,Medium,78.0,3.9,No,80
276,Nathan Riley,Male,95,70,0,Medium,68.0,0.2,Yes,80
278,Alex Douglas,Female,91,88,2,Medium,78.0,3.3,Yes,80
279,Alex White,Male,92,60,3,Medium,68.0,1.6,Yes,79
280,Lori Miller,Male,91,85,3,High,72.0,3.8,Yes,79
281,Lauren Montgomery,Male,85,65,1,Low,88.0,1.3,Yes,80
282,Antonio Mitchell,Male,85,60,2,Low,72.0,1.3,Yes,79
283,Lauren Simpson,Male,70,86,3,Low,87.0,1.1,No,80
285,Tracy Gibbs,Female,92,88,2,Medium,87.0,3.8,Yes,80
287,Brian Lyons,Female,90,65,1,High,88.0,1.7,Yes,79
288,Daniel Mendez,Female,70,85,2,Low,62.0,3.6,Yes,81
289,Colleen Sanchez,Female,92,88,0,Medium,87.0,2.5,Yes,80
291,Kevin Wilson,Male,78,70,2,Low,68.0,1.5,No,79
293,Michelle Clay,Male,82,86,0,Medium,78.0,2.4,Yes,80
294,Thomas Freeman,Male,78,65,2,High,87.0,0.1,Yes,79
295,Monica Johnson,Female,90,60,1,Low,87.0,1.7,No,79
296,John Williams,Female,90,86,2,Low,62.0,2.0,No,79
297,Lonnie Williams,Male,82,85,2,Low,80.0,2.6,Yes,80
298,Richard Franklin,Female,85,88,2,Medium,88.0,4.3,Yes,81
299,Cynthia Nguyen,Male,78,60,2,Medium,78.0,1.4,Yes,80
300,Anita Berger,Male,70,88,2,Low,78.0,3.2,Yes,80
301,Patricia Williams,Female,95,65,0,Low,78.0,4.3,Yes,80
302,Diana Schultz,Female,85,88,2,Medium,87.0,0.7,No,80
303,Jeremy Hall,Female,85,60,3,Low,92.0,3.6,No,80
304,David Owens,Male,85,90,1,Medium,80.0,2.5,No,80
305,Ronnie White,Male,90,82,3,High,68.0,0.8,Yes,79
307,Justin Martinez,Female,95,78,1,Low,62.0,1.4,Yes,80
309,Shawn Galloway,Female,78,85,1,Medium,62.0,1.4,No,80
310,,Female,78,78,3,High,,3.7,No,79
311,Mrs. Amy Carney MD,Male,91,86,2,High,78.0,2.9,Yes,79
312,Amanda Bryant,Female,70,86,0,High,87.0,0.8,No,80
313,Nathaniel Lopez,Female,91,70,2,High,88.0,0.6,No,79
314,Kyle Perez,Male,85,65,1,Medium,68.0,1.1,Yes,80
315,Lauren Brown,Male,95,88,3,Low,62.0,0.6,No,79
316,John Bender,Female,92,86,0,Low,88.0,4.5,Yes,80
319,Timothy Armstrong,Male,91,85,3,Low,78.0,1.6,No,79
320,Makayla Howard,Male,70,70,2,High,87.0,2.3,Yes,80
321,Mark King,Female,82,65,3,High,68.0,4.2,Yes,80
323,Kristy Rhodes,Female,70,88,2,Medium,87.0,0.9,No,80
324,Allison Novak,Female,91,85,2,Medium,88.0,4.3,No,80
325,Tyler Boyer,Male,88,70,3,Medium,87.0,3.6,Yes,80
326,Timothy Barrera,Male,70,65,2,High,80.0,1.5,Yes,79
327,David Cruz,Male,91,65,1,High,85.0,0.8,No,78
328,Cindy Harvey,Female,70,86,2,Low,88.0,3.9,No,80
329,Andrea Frey,Female,85,88,0,Low,92.0,1.3,Yes,80
330,Allison Hamilton,Female,85,86,1,Low,88.0,3.2,No,80
331,Kathleen Montgomery,Female,90,70,1,Low,88.0,4.7,No,80
332,Terri Hayden,Female,90,90,3,Medium,68.0,3.2,Yes,80
333,Brian Hale,Male,70,78,3,High,62.0,3.9,Yes,80
334,Thomas Yoder,Female,85,77,1,Medium,68.0,0.4,No,80
335,Matthew Massey,Male,78,86,1,Low,92.0,2.5,Yes,80
336,Robert Davis,Male,91,85,0,Low,80.0,0.5,Yes,80
338,Mrs. Melanie Mueller,Male,85,90,0,High,80.0,3.7,Yes,80
339,Collin Edwards,Male,78,90,2,High,90.0,2.9,No,79
340,Angel Stout,Male,85,90,3,Medium,92.0,1.1,No,79
341,Jodi Rogers,Female,78,60,3,Low,85.0,1.6,Yes,80
343,Kristin Macias,Female,85,65,0,High,92.0,0.2,Yes,79
344,Erica Miller,Male,78,90,3,Low,80.0,4.4,No,80
345,Julia Brooks,Female,78,88,0,Medium,,2.2,No,80
347,Cassandra Perez,Male,91,86,3,Medium,87.0,3.3,No,80
348,Christine Cooper,Female,90,82,3,Low,87.0,0.4,No,79
350,Joseph Roberts,Male,88,65,1,Low,80.0,1.2,Yes,79
352,Tara Johnson,Female,70,78,2,Medium,78.0,3.4,Yes,81
353,Leon Nguyen,Female,85,70,2,High,62.0,0.4,Yes,79
354,Virginia Daniel,Male,82,60,1,Medium,85.0,2.8,Yes,80
355,Ralph Becker,Male,78,60,3,Medium,62.0,0.5,Yes,80
356,Laurie Johnson,Male,82,78,3,Medium,90.0,3.4,Yes,80
357,Shannon Hogan,Male,85,70,2,Medium,88.0,1.7,No,80
358,Kevin Santiago,Male,82,60,2,High,92.0,0.5,Yes,79
360,Derek Parks,Female,78,78,2,Medium,80.0,2.9,Yes,81
361,Gregory Daniels,Male,90,60,1,Low,85.0,4.1,No,80
363,Benjamin Vance,Male,82,65,0,High,85.0,2.3,No,79
364,Kelly Cohen,Male,82,86,1,Low,72.0,1.1,Yes,80
365,Dylan Vaughan,Male,92,65,0,High,62.0,2.6,No,79
366,Charles Vincent,Male,78,65,2,High,88.0,2.7,Yes,79
367,Crystal Brown,Female,90,70,3,Medium,85.0,3.6,Yes,80
368,,Male,91,77,0,High,72.0,3.2,No,79
369,Kyle Coleman,Male,90,77,2,Low,62.0,1.0,Yes,79
370,Tonya Thompson,Female,82,78,1,High,90.0,4.0,No,80
371,Brenda Bell,Male,70,70,1,High,85.0,4.2,No,80
372,Frank Dawson,Male,85,77,1,Low,87.0,3.6,Yes,80
373,Kelsey Watkins,Female,78,82,0,High,85.0,1.0,Yes,80
374,Jordan Chase,Female,92,77,3,Medium,80.0,4.5,Yes,80
375,Natalie Long,Female,92,86,2,Low,92.0,3.1,Yes,80
376,Angela Garcia,Male,95,90,2,High,62.0,0.1,No,78
377,Matthew Werner,Male,91,88,2,High,62.0,2.8,No,79
378,Daniel White,Female,92,90,2,Medium,62.0,2.9,No,80
380,Christopher Jones,Female,82,77,1,Low,68.0,2.6,No,80
381,Nicholas Baxter,Male,85,70,2,High,85.0,4.7,Yes,80
382,Ashley Jordan,Male,78,78,2,High,85.0,4.7,No,79
383,Micheal Perez,Female,78,77,2,Medium,87.0,0.8,No,80
384,Bryan Salazar,Male,88,77,2,Medium,62.0,2.4,No,80
385,Brian Castro,Male,85,82,0,Low,92.0,2.8,No,80
386,John Warner,Male,92,65,3,High,,4.3,Yes,79
387,Michelle Ryan,Female,70,88,1,Low,92.0,0.1,No,80
388,Sandra Burns,Male,78,65,1,Low,78.0,4.0,Yes,80
389,Dawn Foster,Male,88,65,1,High,72.0,0.4,No,79
390,Kelly Baker,Male,90,70,2,Medium,88.0,4.7,No,80
391,,Female,92,70,0,High,68.0,1.1,Yes,79
393,Christine Young,Male,88,78,2,Low,88.0,1.9,No,79
394,Amy Stout,Female,91,86,0,High,90.0,3.9,Yes,80
395,Daniel Erickson,Male,91,77,3,Medium,62.0,1.0,No,79
396,Carla Rodriguez,Female,78,90,1,Medium,72.0,0.2,No,80
398,Jonathon Woodward,Female,88,78,1,Low,87.0,0.3,Yes,80
399,Collin Peterson,Female,70,78,0,Medium,62.0,3.6,Yes,81
400,Christopher Payne,Male,95,88,2,Low,80.0,3.5,Yes,80
401,Katherine Gray,Female,91,78,0,Low,62.0,1.7,Yes,80
402,Gary Young,Male,85,88,2,High,90.0,4.9,Yes,80
403,Mike Waters,Male,92,60,2,High,80.0,2.4,Yes,79
404,Megan Murphy,Female,82,65,1,Low,80.0,0.3,Yes,80
406,Robert Harper,Male,85,86,3,High,78.0,1.0,Yes,79
407,Robert Martinez,Male,95,88,0,High,80.0,1.4,Yes,79
408,Bonnie Morris,Male,78,60,2,Low,68.0,5.0,No,80
409,Rebecca Baxter,Female,85,86,3,Low,92.0,1.5,Yes,80
410,Dawn Nguyen,Female,90,90,0,Medium,85.0,0.3,Yes,80
411,Adam Weaver,Male,78,82,2,Low,72.0,4.2,Yes,80
412,Kathleen Newton,Male,70,60,2,Low,78.0,2.9,No,80
413,Christine Hamilton,Male,92,90,2,Low,72.0,3.8,No,80
414,Elizabeth Chavez,Male,88,88,2,Low,62.0,3.0,Yes,80
415,Sean Levine,Male,88,70,0,Medium,92.0,0.7,Yes,80
416,Donna Fowler,Male,78,78,2,High,68.0,2.1,Yes,79
417,Felicia Carpenter,Female,85,90,1,Low,90.0,4.0,Yes,80
418,John Fox,Female,95,77,1,Medium,92.0,3.0,No,80
419,Christina Russo,Female,92,70,3,Low,68.0,2.8,No,79
420,Nathan Wall,Male,85,85,1,High,72.0,4.2,No,79
422,Melissa Lucas,Female,88,86,0,Low,92.0,3.7,No,80
423,Maria Carter,Female,91,60,2,Low,92.0,3.2,Yes,80
424,Cynthia Sloan,Female,90,78,1,Medium,87.0,0.7,No,80
425,Paige Campbell,Female,91,85,2,High,90.0,0.8,No,79
427,Amanda Bowers,Female,92,60,1,Low,87.0,2.2,No,79
428,Richard Johnson,Female,90,90,3,Low,80.0,3.1,No,80
429,Mrs. Cindy Sharp DVM,Male,70,82,2,Low,92.0,1.2,Yes,80
434,Gail Dudley,Female,85,82,3,Medium,90.0,1.6,Yes,80
435,Charles Aguilar,Male,70,82,1,Medium,78.0,4.8,Yes,81
436,Kathy Sandoval,Male,88,77,1,Low,62.0,4.8,Yes,80
437,Dawn Torres,Male,82,90,1,High,62.0,1.7,Yes,79
438,Shelly Hurley,Male,70,70,1,Medium,62.0,2.3,No,80
440,Rhonda White,Female,91,90,1,High,68.0,0.3,Yes,79
441,Jennifer Morgan,Female,90,86,2,Low,80.0,4.5,Yes,80
443,Michael Willis,Male,95,86,3,Low,68.0,4.6,No,79
444,Felicia Cline,Female,85,78,1,High,90.0,1.1,No,79
445,Ashley Kaufman,Male,88,70,3,Medium,92.0,3.6,No,80
447,Brooke Friedman,Female,85,90,2,Low,72.0,0.9,No,79
448,Miguel Leblanc,Female,88,78,2,High,80.0,2.6,No,79
449,Andrew Cook,Male,85,88,3,Medium,,4.1,No,80
451,Jeremy Shields,Female,88,86,0,Low,72.0,4.6,No,80
453,Andrew Jimenez,Female,85,65,1,High,62.0,1.3,No,79
455,Jessica Ferguson,Male,91,60,0,Medium,68.0,3.2,No,80
456,Nicholas Robinson DDS,Male,95,86,0,Medium,85.0,4.8,No,80
457,Kimberly Lambert,Male,70,85,1,Low,78.0,2.9,No,80
458,,Female,88,85,2,High,78.0,1.9,No,79
459,Jessica Fuller,Female,88,88,1,Low,92.0,4.9,No,80
460,,Female,91,60,0,Low,87.0,3.7,Yes,80
461,Justin Jennings,Male,88,70,2,Medium,80.0,0.6,No,79
463,Peter Figueroa,Female,85,86,3,Low,90.0,3.4,No,80
464,Larry Brown,Female,95,78,1,Low,62.0,0.9,Yes,80
465,Cassandra Ryan,Male,90,78,0,Medium,90.0,5.0,No,80
466,John Lopez,Female,85,65,1,High,68.0,3.6,Yes,80
467,Ashlee Wilcox,Male,85,86,2,High,72.0,0.0,Yes,79
468,Sarah Davis,Male,85,90,1,High,87.0,4.5,Yes,80
469,Ms. Heather Dean,Female,85,85,0,High,85.0,0.4,No,79
470,Jacob Bean,Male,91,82,3,High,62.0,1.8,No,79
471,Jessica Banks,Male,95,86,2,Low,,2.3,Yes,79
472,Melinda Cummings,Female,78,90,3,Low,68.0,0.1,Yes,80
474,Christopher Moore,Female,90,85,3,High,88.0,3.4,No,79
475,Timothy Mcbride,Female,82,60,0,Medium,78.0,3.8,No,80
476,Robin Stewart,Male,70,88,3,Low,87.0,2.6,Yes,80
477,,Male,85,78,0,Low,87.0,0.4,No,79
478,Mark Sanchez,Male,85,60,3,Medium,72.0,4.1,No,80
479,,Male,91,78,2,Low,90.0,4.3,Yes,80
480,James Reynolds,Male,92,88,3,Low,78.0,2.0,No,79
483,Samuel Smith,Female,92,90,2,High,,4.3,No,79
484,Brandon Rasmussen,Male,82,70,0,High,90.0,3.2,No,79
485,Justin Johnson,Male,88,90,0,High,85.0,3.1,No,79
486,Patrick Thompson,Male,91,85,2,Low,80.0,0.9,Yes,79
487,James Torres,Male,95,90,1,Low,90.0,0.1,Yes,79
488,Ryan Beltran,Male,92,78,2,Medium,92.0,1.9,Yes,80
489,Travis Schultz,Female,92,82,0,High,90.0,0.8,Yes,79
490,Joyce Williams,Male,95,85,1,Low,68.0,0.3,No,79
491,Kimberly Harrison,Male,91,86,2,Medium,92.0,3.0,Yes,80
492,Jean Moreno,Male,90,60,3,High,,1.0,Yes,79
493,Aimee Christensen,Female,85,82,2,Medium,62.0,3.9,Yes,81
495,Kelsey Bush,Female,85,86,2,Medium,87.0,2.1,Yes,80
497,David Diaz,Male,92,65,1,Medium,,0.8,Yes,80
499,Paul Williams,Female,78,77,1,Medium,90.0,3.9,Yes,81
501,Rhonda Davenport,Male,91,85,2,Medium,85.0,1.9,No,80
502,David Bauer,Male,90,65,0,Medium,90.0,1.6,No,80
503,Stephanie Merritt,Female,70,77,3,Medium,78.0,2.6,No,80
504,Mr. Kent Stanton,Male,85,70,0,Low,90.0,2.3,Yes,80
505,Matthew Davies,Female,70,86,1,Medium,72.0,4.9,No,81
506,Michael Poole,Male,82,85,3,Low,78.0,1.8,Yes,80
507,Barry Jenkins,Female,90,85,1,Medium,90.0,4.3,No,80
508,Craig Mccann,Female,85,90,0,Low,85.0,2.6,Yes,80
509,Veronica Saunders,Male,91,78,1,Low,80.0,0.3,No,79
510,Kimberly Anderson,Male,85,88,1,High,85.0,1.6,Yes,79
512,Mary Warren,Female,95,77,1,High,62.0,3.1,Yes,79
513,Gregory Davila,Male,78,77,2,High,62.0,0.5,No,79
514,,Male,92,77,2,Medium,88.0,3.3,Yes,80
515,Anna Rollins MD,Male,90,90,2,Low,80.0,4.6,No,80
516,Jill Williams,Male,90,65,2,Low,90.0,3.8,Yes,80
518,Alexis Walton,Female,78,60,1,Medium,,4.3,No,80
519,John Franklin,Male,70,85,2,High,78.0,1.6,No,79
520,Seth Johnson,Female,70,60,3,Low,92.0,5.0,Yes,81
522,Felicia Houston,Female,91,82,1,Medium,62.0,4.1,No,80
523,Daniel Sullivan,Male,78,85,2,Low,92.0,4.4,Yes,80
524,,Female,95,85,2,High,80.0,4.3,Yes,80
526,Melissa Wilson,Female,91,77,1,Low,78.0,5.0,Yes,80
527,Christopher Collins,Female,95,88,1,Medium,85.0,1.2,Yes,80
528,Melissa Wang,Male,88,85,0,Low,87.0,4.3,No,80
529,Christopher Atkinson,Male,78,65,2,High,92.0,4.9,Yes,80
530,Molly Jones,Female,82,77,1,Medium,78.0,3.7,No,80
531,Mr. Devon Garrett,Male,85,82,2,High,90.0,3.3,No,79
533,Benjamin Alexander,Female,70,77,1,High,85.0,1.9,Yes,80
534,Anthony Smith,Male,92,90,0,Low,92.0,2.5,No,80
535,Patrick Reed,Female,90,65,1,Medium,90.0,2.3,No,80
537,Julian Fox,Male,70,70,3,Low,88.0,3.4,Yes,80
538,Tiffany Sanders,Female,90,77,2,Low,78.0,3.7,Yes,80
539,Michelle Benjamin,Male,78,85,2,Low,72.0,0.8,Yes,80
540,Mark Fleming,Female,95,85,1,High,78.0,1.1,Yes,79
541,Sarah Norris,Male,85,60,0,Medium,72.0,2.4,Yes,80
542,Catherine Koch,Female,82,78,0,High,68.0,0.3,No,79
543,Christina Fitzgerald,Male,92,90,0,Medium,90.0,4.4,No,80
544,Maria Cross,Female,82,82,1,High,62.0,3.9,No,80
545,Scott Ferguson,Female,70,88,3,Medium,62.0,1.3,No,80
546,Christina Gonzales,Male,70,77,0,Medium,78.0,1.8,Yes,81
548,,Female,91,90,2,Medium,87.0,4.8,No,80
549,Bryan Hoover,Female,95,86,1,Low,72.0,2.0,No,79
550,Lisa Brooks,Female,85,70,3,High,90.0,2.7,Yes,79
551,David Stevens,Male,85,70,0,High,88.0,2.4,Yes,79
552,Brandon Alvarez,Female,78,78,3,Medium,88.0,0.2,No,80
553,Mr. Martin Dominguez MD,Female,95,77,1,High,78.0,3.8,Yes,80
554,Karl Murray,Male,70,86,0,Medium,87.0,2.8,Yes,81
555,Morgan Bell,Male,82,85,2,High,78.0,4.7,Yes,80
556,Christian Odom,Male,91,90,0,Medium,90.0,3.9,Yes,80
557,Amber Gray,Male,78,82,3,Medium,85.0,1.8,Yes,80
559,Amy Evans,Male,88,85,1,High,90.0,2.3,Yes,79
561,John Sexton,Female,82,70,1,Medium,80.0,3.8,No,80
563,Lance Johnson,Female,95,65,0,Low,88.0,1.3,No,79
564,John King,Male,85,77,1,Low,85.0,4.0,Yes,80
565,Christopher Cruz,Female,85,88,3,High,78.0,0.5,Yes,79
567,Joel Ford,Female,88,60,2,Medium,90.0,3.7,No,80
568,Kaitlin Walton,Female,92,86,3,High,72.0,1.5,No,79
569,Roy Johnson,Male,92,82,2,Medium,78.0,3.4,Yes,80
570,David Hernandez,Male,90,77,3,Medium,88.0,3.1,No,80
571,Jenny Coleman,Female,88,82,1,Low,87.0,0.7,No,79
572,David Meyer,Male,85,65,1,High,,3.0,Yes,79
573,Andrea Barber,Male,78,86,2,Medium,92.0,0.0,No,80
574,Russell Jones,Female,82,65,2,High,80.0,0.6,Yes,79
576,Michael Kane,Male,88,77,0,Low,62.0,1.2,Yes,80
577,Keith Wilson,Female,92,90,2,Medium,92.0,0.5,No,80
578,Cory Rosario DDS,Female,85,85,2,Low,92.0,3.6,Yes,80
579,Kristine Williams,Female,85,82,1,Low,85.0,3.4,Yes,80
580,Tina Velazquez,Female,85,82,2,Medium,90.0,0.9,No,80
581,Monique King,Female,82,90,0,Low,72.0,3.4,Yes,80
582,Shari Harrell,Male,70,60,1,Medium,88.0,1.6,Yes,80
584,Gordon Merritt,Male,85,65,2,Low,90.0,4.0,Yes,80
585,Jessica Davies,Female,82,70,0,High,88.0,4.0,Yes,80
586,Adam Blackwell,Male,85,70,1,Low,68.0,4.2,No,80
587,Raymond Smith,Female,85,70,2,High,88.0,3.8,Yes,80
588,Jennifer Dickson,Female,70,78,1,Low,90.0,1.8,Yes,80
589,Angela Warren,Male,90,60,1,Low,88.0,3.0,No,79
590,Mark Castillo,Male,70,85,3,Low,92.0,2.1,Yes,80
591,Susan Morris,Female,85,70,1,High,72.0,2.3,Yes,80
592,Jessica Wright,Female,85,90,3,Low,87.0,1.8,Yes,80
593,Hayley Johnson,Male,85,78,2,High,87.0,4.3,No,79
594,Ruben Steele,Female,82,65,3,Medium,90.0,4.8,No,80
595,Megan Miller,Male,90,85,1,Medium,88.0,1.3,No,80
596,Melvin Mcgee,Male,91,65,0,High,88.0,4.0,No,79
598,Mario Johnston,Male,91,88,1,High,87.0,3.1,Yes,79
600,Amy Rodriguez,Male,95,85,2,Low,,2.7,No,79
601,Crystal Proctor,Male,95,60,0,High,78.0,2.2,Yes,79
602,Dawn Edwards,Female,90,88,1,Medium,90.0,0.3,Yes,80
603,Heidi Simmons,Female,95,65,0,High,92.0,1.1,Yes,79
604,James Woods,Male,88,77,2,High,87.0,3.2,Yes,79
605,John Carter,Male,82,88,2,Medium,68.0,4.2,Yes,80
606,Kevin Marquez,Female,70,60,3,High,85.0,0.6,Yes,79
607,Barbara Case,Female,92,90,3,Low,90.0,4.6,No,80
608,Samuel Shaw,Male,88,82,1,Medium,80.0,0.8,Yes,80
609,Daniel Solomon,Male,88,78,2,Medium,62.0,2.4,Yes,80
610,Darrell Adams,Female,78,70,2,High,90.0,1.2,No,79
611,Robin Spears,Female,78,86,1,High,68.0,2.5,No,80
613,Alicia Watson,Female,70,65,0,High,68.0,4.5,No,80
614,Tiffany Huff,Female,90,77,2,High,85.0,0.2,Yes,79
615,Rebekah Finley,Male,70,60,2,Medium,92.0,1.9,No,80
616,Paul Hull,Male,92,65,2,High,68.0,3.0,Yes,79
617,Tristan Avila,Male,88,77,2,High,90.0,4.2,Yes,79
618,Jeff Phillips,Female,95,78,3,High,68.0,4.2,Yes,79
620,Kathryn Randall,Female,70,88,0,Medium,88.0,1.2,Yes,81
621,Terry Hernandez,Male,82,65,2,Low,87.0,3.5,No,80
622,Shelby Mahoney,Male,92,88,2,Medium,88.0,3.7,Yes,80
623,David Park,Female,90,70,3,Low,72.0,1.9,No,79
624,Abigail Ingram,Male,85,85,2,Medium,90.0,3.3,Yes,80
626,Kristi Price,Male,85,65,0,Medium,72.0,1.7,No,80
627,Marvin Cardenas,Female,78,88,0,Medium,80.0,1.4,No,80
628,,Male,90,65,3,Medium,80.0,1.8,No,79
630,Diana Gould,Male,70,90,0,Low,62.0,2.6,No,80
631,Annette Medina,Male,78,77,2,High,87.0,0.8,No,79
632,Sarah Ross,Male,85,90,3,High,72.0,1.5,Yes,79
633,Brent Burns,Male,95,88,1,Medium,85.0,0.9,No,79
634,Ryan West,Female,95,78,3,High,80.0,3.5,Yes,79
635,Sarah Bailey,Female,90,90,1,Medium,90.0,4.1,No,80
636,Grant Henderson,Female,78,88,1,Medium,80.0,0.3,No,80
637,Erika Kennedy,Male,70,90,2,High,72.0,4.5,No,80
638,Joseph Green,Female,92,82,1,Low,,0.2,Yes,80
639,Michael Cooley,Female,90,86,1,Low,87.0,3.6,No,80
640,Rebecca Evans,Female,85,78,1,High,92.0,3.6,No,79
642,James Hoover,Female,78,85,2,Low,92.0,0.7,Yes,80
644,Mrs. Jill Long,Male,70,82,2,High,78.0,1.8,No,79
645,Vincent Smith,Female,85,85,2,Low,78.0,2.6,No,80
646,,Female,90,85,1,Medium,72.0,4.7,Yes,81
648,Paige Turner,Male,91,77,0,Medium,,4.0,No,80
649,Jennifer Wiggins,Female,70,86,3,Low,68.0,0.1,No,80
650,Anthony Green,Female,85,86,0,Low,90.0,2.0,No,80
651,Arthur Johnson,Female,85,88,2,Medium,68.0,3.1,No,80
652,Angela Bridges,Male,70,88,0,Medium,80.0,4.8,Yes,81
653,Jason Adams,Female,82,85,1,Low,87.0,2.2,Yes,80
654,Ryan Ball,Female,85,86,2,Medium,80.0,5.0,No,80
658,Sarah Dixon,Male,85,60,2,Low,62.0,3.8,No,79
659,Brianna Henderson,Male,95,88,3,Low,87.0,1.5,No,79
660,Deanna Jones,Female,85,65,2,Medium,80.0,1.4,No,80
661,Taylor Acosta,Female,85,60,3,High,85.0,1.6,Yes,79
662,Shannon Spencer,Female,88,82,0,Low,88.0,2.4,Yes,80
663,Heather Johnson,Female,90,77,1,Low,72.0,1.6,Yes,80
664,Ellen Cross MD,Male,70,70,0,High,78.0,0.5,No,79
665,Mary Ramos,Female,91,90,1,High,90.0,1.3,No,79
666,Richard Swanson,Male,88,78,1,Low,88.0,0.7,Yes,79
667,Justin Martin,Male,85,90,1,Medium,85.0,4.1,Yes,80
668,Teresa Sanders,Male,90,88,1,High,62.0,1.2,No,79
670,Alejandro Gutierrez,Female,91,82,3,High,68.0,3.2,Yes,79
671,Melissa Donaldson,Female,91,70,3,Medium,68.0,4.1,No,80
672,Linda Beasley,Male,91,70,3,Low,92.0,3.5,No,79
673,Joanna Martinez,Female,92,60,3,High,88.0,2.5,Yes,79
674,Alyssa Berg MD,Female,91,65,2,Low,,0.2,Yes,79
675,Jason Anderson,Female,82,82,0,Medium,88.0,2.7,Yes,81
677,Ruth Davis,Male,85,65,2,Low,90.0,4.3,Yes,80
678,,Female,88,88,2,Medium,92.0,3.7,Yes,80
679,Morgan Hampton,Male,92,77,0,Medium,85.0,2.3,No,80
680,Samantha Klein,Male,92,86,2,High,88.0,3.1,Yes,79
681,Michael Webb,Male,88,88,2,Medium,90.0,0.5,Yes,80
682,Ariana Morse,Female,78,88,3,High,80.0,4.5,No,80
683,Amy Fisher,Female,82,86,2,High,90.0,1.1,Yes,79
684,Sean Hull,Female,91,88,1,Medium,88.0,0.9,No,80
685,Wendy King,Male,82,77,0,Medium,87.0,2.7,No,80
686,Darren Martin,Male,91,65,1,Low,72.0,0.5,Yes,79
687,Diane Ross,Male,85,88,2,Medium,80.0,4.6,Yes,80
688,Samantha Novak,Female,95,78,0,Medium,88.0,4.5,No,80
689,Omar Gonzalez,Female,78,78,2,Low,87.0,1.7,No,80
690,Norma Ward,Male,78,88,1,Low,78.0,4.6,Yes,80
691,Richard Oneal,Female,85,77,1,High,90.0,2.8,No,79
693,Rachel Diaz,Female,91,88,1,High,80.0,2.3,No,79
695,Rebecca Kelly,Male,85,78,2,Medium,80.0,2.8,No,80
696,Julia Russell,Male,91,90,1,Low,85.0,0.4,No,79
697,Marissa Stewart,Male,85,82,1,High,72.0,2.3,Yes,79
698,Jennifer Smith,Male,91,90,3,Low,88.0,0.1,No,79
699,Amanda Hernandez,Female,82,77,1,High,88.0,0.2,No,79
700,William Carlson,Female,95,77,1,Low,80.0,4.3,Yes,80
702,Victoria Mcbride,Female,95,78,3,High,68.0,0.8,No,78
703,Edward Baker,Female,88,60,1,Medium,68.0,4.0,No,80
704,Madeline Rush,Male,88,78,2,Medium,62.0,3.6,Yes,80
705,Joseph Sherman,Male,88,60,2,High,85.0,0.9,Yes,79
706,Michael Noble,Female,88,86,1,Low,62.0,4.0,Yes,80
707,Kristy Nichols,Male,85,82,2,Low,78.0,3.3,No,80
708,Dr. Erik Pineda,Male,70,70,2,Medium,87.0,2.6,Yes,80
709,Renee Scott,Male,90,90,1,High,85.0,2.3,No,79
710,Alan Williams,Female,90,77,1,Medium,72.0,3.8,Yes,80
712,Cindy Morales,Male,85,88,0,High,80.0,1.5,No,79
713,Kimberly Calderon,Male,85,70,3,Low,87.0,1.2,Yes,79
715,Mitchell Sanders,Female,70,70,0,High,62.0,3.3,Yes,80
716,Lawrence Roberts,Female,91,88,2,Medium,87.0,2.8,No,80
717,Anna Martinez,Male,85,70,3,Medium,90.0,0.4,No,79
718,Jordan Brooks,Female,88,90,2,High,62.0,2.9,Yes,80
720,Kelly Suarez,Male,90,60,0,Medium,92.0,2.2,No,80
721,Christina Mcintyre,Male,85,82,1,Medium,88.0,0.4,Yes,80
722,Lisa Zimmerman,Male,92,88,3,Medium,78.0,3.8,No,80
725,Mark Miller,Male,78,65,3,Low,85.0,4.7,Yes,80
726,Brent Mendoza,Female,92,85,1,Medium,87.0,1.4,No,80
728,Patricia Carr,Male,92,60,3,Low,80.0,4.3,No,79
729,Mrs. Kathy Woodward,Female,82,90,3,High,72.0,2.2,No,79
731,Michael Bailey,Male,85,78,2,Medium,78.0,5.0,No,80
732,Mr. Stephen Gilmore,Male,91,60,0,Medium,72.0,3.5,Yes,80
733,David Ruiz,Male,88,88,2,Medium,68.0,0.7,No,79
734,Mariah Cole,Male,82,85,2,High,87.0,2.5,Yes,79
735,Desiree Reyes,Female,90,78,2,High,90.0,1.1,Yes,79
737,Aimee Green,Male,92,82,0,High,85.0,3.9,Yes,80
738,Robert Johnson,Male,78,65,3,Medium,78.0,2.0,Yes,80
739,,Female,90,70,1,High,90.0,4.7,No,79
740,Michael Kelly,Female,95,88,1,Low,80.0,3.8,No,80
741,Jack Simmons,Female,90,70,3,High,85.0,0.4,Yes,79
742,Lisa Zhang,Male,85,70,2,Low,87.0,2.0,Yes,80
743,John Odonnell,Female,85,60,1,Medium,90.0,1.4,Yes,80
744,Wendy Miller,Female,88,86,3,Medium,68.0,3.1,No,80
746,Vickie Holloway,Male,95,77,2,Medium,88.0,1.0,Yes,80
747,Donna Robinson,Male,85,85,1,Low,78.0,0.8,No,79
748,Maria Walls,Female,88,90,1,Medium,,2.4,Yes,80
749,Juan Lopez,Female,85,70,1,High,78.0,0.7,Yes,79
750,Faith Johnson,Male,91,70,0,High,85.0,3.8,Yes,79
751,David Hoffman,Male,91,78,0,Medium,85.0,4.6,Yes,80
752,Nathan Miller,Male,85,70,3,High,92.0,5.0,Yes,79
753,Michael Martinez,Female,85,90,2,Low,87.0,2.9,Yes,80
754,Felicia Davis,Female,95,60,0,Medium,72.0,1.1,No,80
755,Martha Moody,Male,91,88,1,Low,85.0,4.9,No,80
756,,Female,95,90,0,Medium,85.0,3.2,Yes,80
757,Randall Hickman,Male,82,86,2,Medium,78.0,2.2,No,80
758,Lisa Maynard,Male,90,77,0,Medium,62.0,0.1,Yes,80
759,Lynn Anderson,Male,70,90,2,High,62.0,0.0,Yes,79
761,Andrew Wilkerson,Female,95,70,3,Medium,92.0,3.3,No,80
762,Lisa Johnson,Female,92,60,0,High,85.0,0.4,Yes,79
763,Peter Jones,Female,90,90,2,Medium,80.0,2.9,Yes,80
764,Robert Taylor,Male,85,88,0,Medium,80.0,2.4,No,80
765,Deanna Gonzalez,Female,85,90,1,Low,68.0,1.6,No,80
767,Aaron Walls,Male,91,78,1,High,92.0,1.4,No,79
768,Laura Cortez,Female,78,82,1,High,87.0,2.0,Yes,80
770,Robert Howard,Female,91,60,2,Medium,85.0,1.0,No,79
771,Melissa Morris,Male,70,70,1,High,72.0,4.0,No,80
772,Richard Perez,Female,85,90,3,Low,92.0,3.7,No,80
773,Kelly Gibson MD,Male,82,60,2,Medium,80.0,3.0,No,80
774,Peggy Hill,Male,85,90,3,Low,90.0,0.8,Yes,79
775,William White,Male,78,65,1,High,90.0,4.3,No,79
776,Anthony Wright,Female,78,86,1,High,85.0,0.2,No,79
777,Christopher Ray,Male,91,60,3,High,90.0,2.1,Yes,79
778,William Hogan,Male,95,85,2,Low,85.0,4.5,Yes,80
779,Lisa Lynch,Female,85,77,3,High,92.0,1.5,Yes,79
780,Eddie Robertson,Male,92,60,2,Medium,68.0,4.0,No,80
781,Hannah Gentry,Female,70,86,2,High,90.0,5.0,Yes,80
782,Kaylee Benjamin,Female,88,90,2,High,78.0,2.8,No,79
783,David Jimenez,Female,90,78,3,Low,92.0,2.9,No,79
784,Michael Smith,Male,91,77,3,High,68.0,4.3,Yes,79
785,David Anderson,Male,92,60,1,High,72.0,1.1,Yes,79
786,Cameron Bender,Female,78,90,1,High,72.0,4.3,Yes,80
787,Sarah Johnson,Male,90,90,0,Low,92.0,1.5,No,79
789,Laura Stevens,Female,85,90,2,High,92.0,2.7,No,79
790,Peter Welch,Female,88,90,2,Low,,3.5,Yes,80
791,Stephanie Mcfarland,Female,91,65,1,High,72.0,3.7,No,79
792,Christopher Mccullough,Female,85,85,2,High,85.0,4.1,Yes,80
794,Ricky Johnson,Female,70,86,1,High,92.0,3.4,No,80
795,Mallory Fletcher,Female,92,86,2,Low,92.0,1.8,Yes,80
796,Jaime Nguyen,Female,90,70,3,Medium,78.0,4.4,No,80
797,Sean Hernandez,Female,91,88,1,Low,88.0,4.8,Yes,80
798,Travis Pierce,Female,91,82,3,Medium,68.0,1.4,No,80
799,Nathan Navarro,Male,95,88,2,Medium,72.0,4.1,No,80
800,Michael Walters,Female,78,65,1,Low,78.0,3.5,Yes,80
801,Kayla Solomon,Male,70,65,1,Low,92.0,3.2,Yes,80
802,Timothy Austin,Female,91,88,0,High,68.0,0.4,No,79
803,Shelby Richards,Female,88,77,3,Medium,80.0,0.8,Yes,80
804,Kimberly Wood,Female,91,60,1,Medium,92.0,0.7,Yes,80
805,Cheryl Brown,Male,88,65,2,High,87.0,3.1,Yes,79
808,Angel Howard,Male,82,88,1,High,92.0,1.9,No,79
809,,Male,70,78,3,Low,62.0,3.6,Yes,80
810,Deborah Hunter,Female,78,85,0,Low,80.0,1.2,No,80
811,Julia Sanchez,Male,85,65,1,Low,62.0,3.4,No,80
812,Timothy Pruitt,Female,90,60,3,Medium,92.0,2.5,No,80
814,Justin Clark,Male,70,65,2,Medium,80.0,3.7,No,80
815,James Smith,Female,88,90,1,High,92.0,4.1,No,80
816,Ashley Nguyen,Male,85,65,2,Medium,78.0,0.6,No,79
817,Lisa Castillo,Female,85,70,1,Low,68.0,3.3,No,80
818,Joseph Adams,Female,95,86,3,Low,87.0,3.9,No,80
820,,Male,91,85,2,Medium,78.0,2.6,No,80
821,Kristen Galloway,Female,95,60,0,High,90.0,3.2,No,79
822,Dalton Chen,Female,82,86,1,Medium,90.0,4.8,No,81
825,Steven Crawford,Female,91,85,1,Medium,92.0,4.2,No,80
826,Darlene Tapia,Male,78,78,1,Low,90.0,2.5,No,80
827,Taylor Merritt DVM,Female,88,86,0,Low,78.0,4.8,No,80
828,,Female,78,78,3,High,68.0,1.5,No,79
829,Brian Diaz,Male,78,77,0,Low,72.0,2.7,No,80
830,Grace Valencia,Female,70,88,1,Low,78.0,1.4,Yes,80
832,Brandy Wilson,Male,78,77,1,Low,78.0,0.7,No,79
833,William Wade,Female,85,82,2,Low,80.0,0.9,Yes,80
834,David Nunez,Male,95,60,0,Low,72.0,4.0,No,79
835,Sydney Patterson,Female,85,82,3,High,80.0,2.7,No,79
837,Andrew Owens,Male,78,77,1,Medium,92.0,0.2,Yes,80
838,Michael Woods,Female,78,88,3,Low,68.0,2.5,Yes,80
839,Danielle Scott,Female,78,88,2,Low,78.0,4.8,Yes,81
840,Melissa Perry,Male,92,82,2,Low,85.0,0.7,Yes,79
841,Matthew Miller,Male,95,78,3,High,87.0,3.7,No,79
842,Maria Scott,Female,88,85,1,Low,88.0,0.1,Yes,80
843,,Male,85,88,1,Medium,80.0,4.2,No,80
844,Luis Carter,Male,91,88,1,Low,85.0,2.0,Yes,80
846,Susan Benson,Female,90,90,3,Medium,62.0,2.8,Yes,80
847,Heidi Leonard,Male,85,85,3,Low,85.0,0.2,No,79
848,Francisco Williams,Male,70,86,0,High,80.0,0.5,Yes,80
849,Justin Jacobs,Male,78,65,3,Medium,87.0,4.0,No,80
850,Michelle Woods,Male,91,65,2,Medium,88.0,3.0,No,80
851,Gloria Henderson,Male,95,77,3,High,78.0,0.6,No,78
852,Alexis Bates,Male,92,70,2,High,85.0,3.9,Yes,79
853,Joshua Kane,Male,92,70,2,Low,78.0,2.0,No,79
855,Jason Woods,Female,95,60,1,Medium,90.0,5.0,No,80
857,Jesus Wood,Male,85,70,0,High,80.0,2.6,No,79
858,Melissa Nguyen,Male,95,86,1,Medium,85.0,1.8,No,79
860,Caleb Serrano,Male,91,60,0,Medium,87.0,3.2,Yes,80
861,Christine Curtis,Female,70,82,3,Low,62.0,0.5,No,80
862,Eric Davis,Male,85,77,1,Medium,72.0,3.8,No,80
864,Brett Barrett,Female,90,70,3,High,72.0,0.3,Yes,79
865,Jesse Barber,Male,95,65,0,High,72.0,1.6,Yes,79
866,Michael Webster,Male,91,82,3,High,87.0,0.1,Yes,79
867,Ashley Franco,Female,90,78,1,Medium,72.0,2.0,Yes,80
868,Matthew Stevenson,Male,92,77,1,Medium,78.0,0.4,Yes,80
869,Samantha Burton,Male,95,82,1,Medium,78.0,3.5,No,80
870,Caitlin Carter,Male,90,65,3,Low,80.0,3.8,Yes,80
871,Stephanie Snyder,Male,88,60,2,Medium,85.0,0.7,No,79
872,Sean Smith,Male,92,85,1,Medium,88.0,3.7,Yes,80
873,John Coleman,Female,88,60,0,Low,80.0,2.9,Yes,80
874,Courtney Bradley,Female,88,90,0,Medium,78.0,0.4,Yes,80
875,Angelica Steele,Female,82,60,1,Medium,92.0,2.3,No,80
876,Kim Fischer,Female,78,82,0,Low,80.0,3.0,Yes,80
877,Stephen Ramirez,Male,92,77,2,Medium,90.0,0.7,Yes,80
878,Miss Teresa Hernandez MD,Female,90,78,0,High,78.0,4.6,No,80
879,David Robertson,Male,82,82,2,Low,,0.8,Yes,80
880,Charles Pearson,Female,91,60,2,High,,3.9,Yes,79
881,Alexa West,Female,85,60,1,Low,85.0,1.1,No,79
882,Judith Santos,Male,85,85,1,Low,87.0,2.5,Yes,80
883,Penny Hopkins,Female,70,86,1,High,80.0,2.8,No,80
884,Ronald Stewart,Male,91,65,0,Low,88.0,3.6,No,80
885,Jeffrey Garcia,Male,85,86,2,Medium,92.0,3.7,Yes,80
886,Wesley May,Female,88,82,2,Low,87.0,0.9,Yes,80
887,Taylor Crawford,Female,70,65,2,High,72.0,0.2,Yes,79
888,Alexander Preston,Female,85,77,2,Medium,90.0,3.2,Yes,80
889,Donna Hardin,Female,78,86,1,High,92.0,4.4,Yes,80
890,Connie Cooper,Female,85,70,1,Medium,88.0,3.3,No,80
892,Beverly Fisher,Male,85,88,1,High,78.0,1.7,No,79
893,Michael Burns,Female,85,82,0,High,90.0,4.7,Yes,80
894,Lindsey Kerr,Male,70,60,1,High,90.0,2.8,Yes,80
895,Gary Holland,Female,85,82,3,Medium,72.0,0.4,Yes,80
896,Taylor Mcgee,Female,92,88,1,Low,90.0,4.4,No,80
897,Lawrence Miller,Female,95,77,1,Low,80.0,2.5,No,79
898,Todd Jackson,Female,88,82,0,High,87.0,0.9,Yes,79
899,Eileen Lee,Male,90,70,2,Low,72.0,4.6,No,80
900,Jesus Henson,Female,70,77,1,High,90.0,0.5,No,79
902,Calvin Macias,Male,90,78,2,Medium,90.0,0.7,Yes,80
903,Bradley Stevens,Male,85,78,3,Low,72.0,2.0,Yes,80
904,Joshua Carpenter,Male,85,82,1,High,80.0,3.7,Yes,80
905,Sylvia Chavez,Female,95,70,0,High,78.0,3.9,No,79
906,Lori Gomez PhD,Female,85,82,3,Medium,85.0,2.8,Yes,80
907,Carrie Mccoy,Male,85,65,1,High,87.0,2.4,Yes,79
908,Stephanie Lawrence,Female,90,70,2,Low,72.0,0.1,Yes,79
909,Elizabeth Wright,Female,95,70,3,High,78.0,1.5,No,79
911,Lisa Mitchell,Male,90,86,0,High,62.0,1.5,No,79
912,Joyce Bishop,Male,92,82,0,Medium,88.0,0.4,No,79
913,Michael Valenzuela,Male,95,70,1,High,62.0,3.3,No,79
915,Kelly Harper,Female,85,82,3,Medium,88.0,3.2,Yes,80
916,Isaac Lopez,Male,82,60,1,Medium,72.0,3.9,No,80
917,Anita Dougherty,Female,91,77,1,Low,80.0,3.7,No,80
920,Dawn Taylor,Female,85,60,3,High,80.0,1.0,Yes,79
921,Alexander Thompson,Female,90,65,0,High,92.0,2.7,No,79
922,Todd Brooks,Male,70,90,2,Low,88.0,3.3,No,80
923,Haley Robertson,Female,82,85,1,Medium,92.0,4.5,Yes,81
924,Tiffany Moore,Male,90,65,3,Low,80.0,4.5,No,79
925,Erica Thomas,Female,85,88,2,High,78.0,0.4,Yes,79
927,Erica Miller,Male,85,90,0,Low,85.0,4.5,No,80
928,Mr. Clinton Camacho,Female,90,60,1,High,78.0,4.6,Yes,80
929,Amy Lawson,Male,92,60,1,High,68.0,1.2,No,78
930,James Bennett,Female,70,70,2,High,62.0,0.7,Yes,80
931,Angela Perez,Female,95,70,1,Medium,62.0,3.8,No,80
932,Rebecca Smith,Male,70,86,1,High,62.0,0.7,Yes,80
934,Brittany Andrews,Male,91,85,1,Low,68.0,2.4,No,79
935,Donna Taylor,Female,95,82,1,High,78.0,0.0,No,79
936,Henry Johnson,Male,78,77,2,High,87.0,4.5,No,79
937,Destiny Todd,Female,82,78,1,Medium,88.0,1.4,Yes,80
938,Morgan Gilbert,Female,90,77,0,Low,87.0,5.0,Yes,80
939,Felicia Howard,Male,90,90,0,High,92.0,2.7,No,79
940,Jane Griffith,Female,85,65,2,High,62.0,1.3,No,79
941,Susan Brown,Male,91,77,1,High,90.0,4.4,Yes,79
942,Julie Garza,Male,85,90,3,Medium,90.0,4.5,No,80
943,Christopher Baxter,Female,78,78,0,High,90.0,3.9,No,80
944,Taylor Burns,Female,92,85,1,Low,85.0,0.5,Yes,80
945,Crystal Chandler,Male,91,90,1,Low,80.0,0.6,Yes,79
946,Darlene Fletcher,Male,85,90,0,High,92.0,1.5,No,79
947,Nathan Rodgers,Male,82,85,1,High,62.0,0.7,Yes,79
948,David Gonzalez,Female,92,65,2,Medium,,3.7,Yes,80
949,Sean Lyons,Male,85,85,2,Medium,,2.6,Yes,80
950,Rebecca Mendoza DDS,Male,95,86,2,High,92.0,3.3,Yes,79
951,Jodi Taylor,Female,95,82,1,High,72.0,2.9,Yes,79
952,John White,Female,95,85,1,Low,85.0,1.5,No,79
954,David Brown,Male,85,65,3,Medium,92.0,3.3,No,80
955,Jacob Thompson,Male,85,78,0,High,72.0,0.5,No,79
956,Jason Castro,Female,82,90,3,Low,85.0,3.4,Yes,80
957,Jason Ramirez,Female,78,77,2,High,85.0,3.8,No,80
958,Paul Poole,Female,90,88,3,High,85.0,2.3,Yes,79
959,Terri Potter,Female,91,78,0,Low,72.0,0.2,Yes,80
961,James Williams,Male,70,70,2,Low,88.0,4.4,Yes,80
963,Christopher Chapman,Male,95,82,0,High,85.0,2.3,Yes,79
964,Natalie Kelley,Male,92,60,3,Medium,80.0,1.6,No,79
966,Jasmine Williams,Male,95,85,1,Medium,62.0,3.7,No,80
967,Jonathan Hodges,Female,92,86,1,High,80.0,1.4,No,79
968,Shirley Jackson,Male,78,60,1,Medium,72.0,4.7,Yes,81
969,Kristi Cross,Male,85,60,3,Medium,85.0,4.8,Yes,80
970,Steven Wood,Male,70,85,2,High,,4.9,Yes,80
971,Martin Mcknight,Male,95,65,2,Medium,72.0,0.6,Yes,79
972,Jaime Glenn,Male,78,60,1,High,72.0,1.7,Yes,79
973,David Rowe,Male,85,77,1,Medium,62.0,0.6,Yes,80
975,Jessica Richardson,Male,95,65,2,Medium,72.0,2.9,Yes,80
976,Rhonda Ramos,Male,95,82,0,High,72.0,2.5,No,79
977,Maria Leblanc,Female,85,60,1,High,87.0,1.3,Yes,79
979,James Watkins,Male,90,77,3,High,72.0,4.8,No,79
980,Samantha Patton,Male,95,60,0,High,92.0,3.7,Yes,79
981,Kimberly Raymond,Male,95,77,3,Low,80.0,2.7,Yes,79
982,Caleb Walker,Female,78,88,1,High,,2.2,No,79
983,Chelsea Porter,Female,88,78,2,Low,68.0,4.6,Yes,80
984,Vanessa Hall,Male,85,60,3,Low,78.0,3.6,Yes,80
985,Michelle Aguilar,Female,78,65,1,Low,68.0,2.2,Yes,80
986,Christopher Diaz,Male,78,82,1,Low,90.0,0.3,No,79
987,Alec Peterson,Male,70,85,2,High,80.0,2.4,No,79
988,Joseph Smith,Female,91,70,3,Medium,78.0,0.7,No,79
989,Valerie Gibson,Female,91,86,2,High,87.0,4.8,Yes,80
990,John Jones,Male,70,78,2,Medium,92.0,3.1,No,80
992,Joshua Robertson,Female,85,65,0,Low,78.0,3.8,Yes,80
993,Tracy Kelley,Male,91,82,1,Medium,90.0,1.7,No,80
994,Jenna Price,Male,78,60,0,High,87.0,0.6,No,79
995,Jordan Thornton,Female,78,85,1,Low,72.0,1.2,Yes,80
996,Matthew Winters,Male,78,60,0,Medium,72.0,2.8,No,80
997,Nancy Gibson,Female,78,82,1,Medium,90.0,2.2,Yes,81
998,Nina Fowler,Male,70,78,3,Medium,68.0,4.1,Yes,81
999,James Garcia,Male,91,90,2,High,68.0,4.3,No,79
